Time,Node,RSSI,Temp (*C),Pressure (hPa),Rel. Humidity (%),Gas Resistance (KOhm)
1674102214.0041447,0.0,-36.0,9.23,830.86,36.71,19.94
1674102275.3860183,0.0,-34.0,9.19,830.87,37.54,19.62
1674102336.768187,0.0,-34.0,9.13,830.88,38.04,19.42
1674102398.1464925,0.0,-34.0,9.05,830.88,37.91,19.42
1674102459.5283494,0.0,-35.0,8.95,830.88,37.82,19.46
1674102520.9115734,0.0,-34.0,8.8,830.89,38.02,19.66
1674102582.2934885,0.0,-33.0,8.63,830.9,38.2,19.7
1674102643.6764882,0.0,-34.0,8.42,830.92,38.25,20.08
1674102705.0585015,0.0,-34.0,8.18,830.92,38.3,20.29
1674102766.4414864,0.0,-34.0,7.92,830.91,38.42,20.71
1674102827.8246262,0.0,-35.0,7.63,830.9,38.88,21.01
1674102889.208507,0.0,-34.0,7.32,830.89,39.4,21.44
1674102950.5920014,0.0,-34.0,7.0,830.89,39.93,21.7
1674103011.976057,0.0,-34.0,6.67,830.89,40.52,22.07
1674103073.3602893,0.0,-34.0,6.33,830.89,41.09,22.21
1674103134.7442975,0.0,-34.0,5.99,830.9,41.53,22.53
1674103196.1292877,0.0,-34.0,5.65,830.9,41.95,22.95
1674103257.5142913,0.0,-34.0,5.31,830.9,42.36,23.31
1674103318.8982913,0.0,-35.0,4.97,830.89,42.9,23.74
1674103380.2832963,0.0,-36.0,4.63,830.88,43.53,24.0
1674103441.6684391,0.0,-35.0,4.3,830.89,44.21,24.39
1674103503.0544393,0.0,-35.0,3.98,830.89,44.9,24.68
1674103564.439429,0.0,-34.0,3.66,830.9,45.58,24.93
1674103625.8259292,0.0,-34.0,3.36,830.89,46.26,25.13
1674103687.2119305,0.0,-35.0,3.06,830.89,46.79,25.52
1674103748.5979397,0.0,-35.0,2.77,830.88,47.34,25.45
1674103872.6829438,0.0,-34.0,2.22,830.89,48.53,26.02
1674103934.0691063,0.0,-35.0,1.96,830.91,49.09,26.22
1674103995.4551063,0.0,-34.0,1.7,830.92,49.45,26.62
1674104056.8421063,0.0,-34.0,1.46,830.92,49.86,26.82
1674104118.2286057,0.0,-34.0,1.22,830.91,50.32,27.08
1674104179.6156056,0.0,-35.0,0.99,830.91,50.85,27.29
1674104241.0026097,0.0,-35.0,0.77,830.91,51.37,27.4
1674104302.3896065,0.0,-36.0,0.56,830.9,51.88,27.55
1674104363.776609,0.0,-36.0,0.35,830.9,52.33,27.73
1674104425.1636066,0.0,-35.0,0.15,830.9,52.78,27.95
1674104486.5506065,0.0,-35.0,-0.04,830.89,53.28,28.1
1674104547.9381058,0.0,-35.0,-0.22,830.87,53.72,28.33
1674104609.324702,0.0,-35.0,-0.4,830.86,54.19,28.37
1674104670.7122214,0.0,-36.0,-0.57,830.86,54.62,28.7
1674104732.100222,0.0,-35.0,-0.73,830.86,55.03,28.76
1674104793.4872353,0.0,-36.0,-0.88,830.85,55.44,28.88
1674104854.870232,0.0,-35.0,-1.03,830.86,55.81,29.04
1674104916.2584302,0.0,-35.0,-1.18,830.86,56.17,29.24
1674104977.645482,0.0,-35.0,-1.32,830.87,56.46,29.33
1674105039.033412,0.0,-35.0,-1.45,830.88,56.78,29.22
1674105100.4204073,0.0,-35.0,-1.58,830.9,57.12,29.35
1674105161.808407,0.0,-35.0,-1.7,830.92,57.49,29.64
1674105223.1964464,0.0,-35.0,-1.82,830.92,57.82,29.55
1674105284.5835645,0.0,-35.0,-1.94,830.9,58.12,29.53
1674105345.9717493,0.0,-35.0,-2.04,830.92,58.39,29.72
1674105407.36005,0.0,-34.0,-2.15,830.94,58.64,30.02
1674105468.7479835,0.0,-34.0,-2.25,830.93,58.89,29.93
1674105530.1361353,0.0,-35.0,-2.35,830.93,59.14,29.89
1674105591.5242994,0.0,-35.0,-2.44,830.94,59.33,29.98
1674105652.9119482,0.0,-35.0,-2.54,830.96,59.56,30.26
1674105714.3005052,0.0,-35.0,-2.63,830.96,59.82,30.42
1674105775.688524,0.0,-36.0,-2.71,830.96,60.07,30.33
1674105837.0765615,0.0,-35.0,-2.79,830.95,60.3,30.31
1674105898.4654932,0.0,-36.0,-2.87,830.97,60.53,30.44
1674105959.853681,0.0,-36.0,-2.95,830.99,60.71,30.44
1674106021.2374961,0.0,-35.0,-3.03,831.01,60.93,30.5
1674106082.6272755,0.0,-36.0,-3.1,831.03,61.12,30.44
1674106144.0151165,0.0,-36.0,-3.17,831.04,61.3,30.77
1674106205.4040103,0.0,-35.0,-3.23,831.04,61.48,30.75
1674106266.7920532,0.0,-36.0,-3.3,831.04,61.67,30.75
1674106328.1769772,0.0,-35.0,-3.37,831.06,61.83,30.73
1674106389.5649934,0.0,-36.0,-3.43,831.06,61.99,30.84
1674106450.9538906,0.0,-36.0,-3.49,831.06,62.13,30.96
1674106512.3424964,0.0,-36.0,-3.55,831.06,62.26,30.98
1674106573.731517,0.0,-36.0,-3.6,831.06,62.44,30.91
1674106635.1192238,0.0,-35.0,-3.66,831.06,62.63,31.0
1674106696.5084732,0.0,-36.0,-3.72,831.05,62.79,31.28
1674106757.8964975,0.0,-36.0,-3.77,831.05,62.95,31.14
1674106819.2858522,0.0,-36.0,-3.82,831.06,63.12,31.14
1674106880.6747384,0.0,-36.0,-3.87,831.06,63.28,31.21
1674106942.063156,0.0,-35.0,-3.92,831.06,63.47,31.26
1674107003.4520545,0.0,-36.0,-3.97,831.06,63.57,31.35
1674107064.8410738,0.0,-35.0,-4.01,831.05,63.7,31.35
1674107126.230235,0.0,-35.0,-4.06,831.05,63.84,31.35
1674107187.6149967,0.0,-35.0,-4.11,831.05,63.94,31.52
1674107249.0031211,0.0,-35.0,-4.15,831.05,64.11,31.57
1674107310.3920069,0.0,-35.0,-4.19,831.05,64.24,31.64
1674107371.7812862,0.0,-35.0,-4.24,831.06,64.3,31.71
1674107433.1704915,0.0,-35.0,-4.28,831.06,64.36,31.71
1674107494.5595715,0.0,-35.0,-4.32,831.06,64.43,31.85
1674107555.9484227,0.0,-36.0,-4.36,831.06,64.52,31.83
1674107617.3379602,0.0,-34.0,-4.41,831.07,64.68,32.02
1674107678.7264595,0.0,-34.0,-4.45,831.07,64.86,31.85
1674107740.1159441,0.0,-37.0,-4.48,831.08,65.01,32.0
1674107801.5049634,0.0,-38.0,-4.52,831.09,65.14,32.0
1674107862.8940096,0.0,-37.0,-4.56,831.08,65.25,32.02
1674107924.282864,0.0,-35.0,-4.6,831.09,65.36,32.1
1674107985.6721618,0.0,-37.0,-4.63,831.1,65.5,32.17
1674108047.0571675,0.0,-36.0,-4.66,831.1,65.63,32.17
1674108108.446514,0.0,-36.0,-4.7,831.1,65.78,32.2
1674108169.8354616,0.0,-36.0,-4.73,831.1,65.9,32.22
1674108231.224614,0.0,-36.0,-4.76,831.11,66.02,32.25
1674108292.6145015,0.0,-34.0,-4.79,831.11,66.12,32.27
1674108353.9975505,0.0,-36.0,-4.81,831.12,66.21,32.25
1674108415.3865595,0.0,-35.0,-4.84,831.12,66.29,32.25
1674108476.7756593,0.0,-35.0,-4.86,831.11,66.37,32.37
1674108538.165001,0.0,-35.0,-4.89,831.09,66.47,32.27
1674108599.553983,0.0,-36.0,-4.91,831.09,66.54,32.3
1674108660.9391558,0.0,-36.0,-4.93,831.09,66.64,32.42
1674108722.3281753,0.0,-36.0,-4.95,831.09,66.75,32.37
1674108783.7177007,0.0,-36.0,-4.97,831.09,66.84,32.47
1674108845.1069603,0.0,-35.0,-4.99,831.09,66.93,32.47
1674108906.4960015,0.0,-36.0,-5.01,831.1,66.99,32.6
1674108967.8815439,0.0,-35.0,-5.03,831.1,67.01,32.7
1674109029.2705035,0.0,-36.0,-5.05,831.11,67.05,32.7
1674109090.659186,0.0,-36.0,-5.06,831.13,67.11,32.7
1674109152.0494554,0.0,-35.0,-5.08,831.15,67.16,32.78
1674109213.4385784,0.0,-36.0,-5.09,831.16,67.24,32.91
1674109274.8276513,0.0,-36.0,-5.11,831.17,67.34,32.75
1674109336.2166262,0.0,-36.0,-5.12,831.19,67.44,32.73
1674109397.6055942,0.0,-36.0,-5.14,831.2,67.54,32.86
1674109458.9959912,0.0,-36.0,-5.15,831.21,67.61,32.7
1674109520.3849847,0.0,-36.0,-5.17,831.23,67.68,32.83
1674109581.7739124,0.0,-36.0,-5.18,831.24,67.72,32.78
1674109643.1632986,0.0,-36.0,-5.19,831.25,67.74,32.88
1674109704.553004,0.0,-36.0,-5.2,831.26,67.75,32.88
1674109765.9425488,0.0,-36.0,-5.21,831.28,67.78,32.83
1674109827.3271968,0.0,-35.0,-5.22,831.28,67.79,32.7
1674109888.7165737,0.0,-36.0,-5.23,831.28,67.79,32.78
1674109950.1066496,0.0,-36.0,-5.25,831.28,67.8,32.8
1674110011.495689,0.0,-36.0,-5.26,831.28,67.82,32.99
1674110072.8844848,0.0,-36.0,-5.27,831.29,67.88,33.09
1674110134.2696955,0.0,-35.0,-5.28,831.3,67.95,33.14
1674110195.6595821,0.0,-31.0,-5.29,831.31,67.97,33.25
1674110257.0487328,0.0,-35.0,-5.3,831.32,67.99,33.3
1674110318.4380782,0.0,-36.0,-5.31,831.31,67.99,33.3
1674110379.82801,0.0,-34.0,-5.33,831.3,68.01,33.38
1674110441.2170577,0.0,-35.0,-5.34,831.28,68.04,33.41
1674110502.6059933,0.0,-36.0,-5.35,831.27,68.09,33.28
1674110563.995387,0.0,-37.0,-5.36,831.27,68.11,33.3
1674110625.3854907,0.0,-36.0,-5.37,831.27,68.09,33.54
1674110686.774652,0.0,-36.0,-5.39,831.27,68.03,33.44
1674110748.163696,0.0,-36.0,-5.4,831.29,67.93,33.57
1674110809.553636,0.0,-35.0,-5.42,831.29,67.83,33.71
1674110870.9424584,0.0,-36.0,-5.44,831.29,67.76,33.76
1674110932.3327193,0.0,-35.0,-5.46,831.28,67.7,33.79
1674110993.722094,0.0,-36.0,-5.48,831.27,67.64,33.62
1674111055.1115704,0.0,-36.0,-5.5,831.27,67.6,33.71
1674111116.5010238,0.0,-35.0,-5.52,831.28,67.56,33.73
1674111177.889992,0.0,-35.0,-5.55,831.27,67.53,33.84
1674111239.28004,0.0,-35.0,-5.57,831.26,67.53,33.98
1674111300.6689878,0.0,-35.0,-5.59,831.26,67.56,33.84
1674111362.0590239,0.0,-35.0,-5.62,831.26,67.59,33.73
1674111423.4480896,0.0,-35.0,-5.64,831.25,67.61,33.71
1674111484.8385735,0.0,-35.0,-5.67,831.25,67.62,33.73
1674111546.2275383,0.0,-34.0,-5.69,831.25,67.58,33.79
1674111607.617316,0.0,-35.0,-5.72,831.24,67.54,33.73
1674111669.0064833,0.0,-35.0,-5.74,831.23,67.55,33.84
1674111730.3965952,0.0,-35.0,-5.76,831.23,67.54,33.9
1674111791.7866814,0.0,-35.0,-5.79,831.21,67.59,33.87
1674111853.1720119,0.0,-35.0,-5.81,831.21,67.65,33.95
1674111914.5620859,0.0,-35.0,-5.83,831.22,67.71,33.95
1674111975.9511106,0.0,-35.0,-5.86,831.21,67.76,33.98
1674112037.3412147,0.0,-35.0,-5.88,831.21,67.78,33.87
1674112098.7309844,0.0,-35.0,-5.9,831.21,67.77,34.09
1674112160.120491,0.0,-35.0,-5.92,831.22,67.77,34.09
1674112221.5104353,0.0,-35.0,-5.94,831.21,67.77,34.06
1674112282.9005787,0.0,-35.0,-5.97,831.22,67.79,34.17
1674112344.2896373,0.0,-35.0,-5.99,831.22,67.82,34.23
1674112405.6757097,0.0,-35.0,-6.01,831.23,67.85,34.31
1674112467.0656164,0.0,-35.0,-6.02,831.21,67.87,34.34
1674112528.45557,0.0,-35.0,-6.04,831.2,67.9,34.43
1674112589.8449938,0.0,-35.0,-6.06,831.19,67.93,34.6
1674112651.2350197,0.0,-35.0,-6.08,831.18,67.98,34.4
1674112712.6249933,0.0,-35.0,-6.1,831.19,68.03,34.63
1674112774.015013,0.0,-34.0,-6.12,831.19,68.04,34.51
1674112835.4040482,0.0,-35.0,-6.13,831.19,68.1,34.68
1674112896.7940059,0.0,-35.0,-6.15,831.19,68.16,34.8
1674112958.1800485,0.0,-35.0,-6.16,831.19,68.19,34.63
1674113019.570088,0.0,-35.0,-6.18,831.19,68.21,34.63
1674113080.9592588,0.0,-35.0,-6.19,831.19,68.26,34.57
1674113142.3495743,0.0,-35.0,-6.2,831.2,68.28,34.89
1674113203.7395225,0.0,-35.0,-6.21,831.21,68.33,34.74
1674113265.1295602,0.0,-36.0,-6.22,831.22,68.35,34.95
1674113326.5192444,0.0,-34.0,-6.23,831.23,68.35,34.74
1674113387.9089966,0.0,-34.0,-6.24,831.24,68.37,34.89
1674113449.2986145,0.0,-35.0,-6.25,831.23,68.4,34.83
1674113510.6888816,0.0,-34.0,-6.26,831.22,68.43,34.83
1674113572.0790157,0.0,-34.0,-6.27,831.22,68.48,35.0
1674113633.4680123,0.0,-35.0,-6.28,831.22,68.52,34.92
1674113694.8580053,0.0,-35.0,-6.29,831.23,68.51,35.09
1674113756.2483327,0.0,-35.0,-6.3,831.21,68.45,34.92
1674113817.638466,0.0,-35.0,-6.31,831.21,68.38,34.77
1674113879.0284846,0.0,-35.0,-6.32,831.23,68.31,34.95
1674113940.4174669,0.0,-35.0,-6.33,831.22,68.21,35.06
1674114001.807544,0.0,-35.0,-6.34,831.2,68.11,34.92
1674114063.1975904,0.0,-35.0,-6.35,831.19,68.03,35.09
1674114124.5874443,0.0,-35.0,-6.37,831.21,67.97,35.03
1674114185.9775674,0.0,-35.0,-6.38,831.2,67.96,35.09
1674114247.3675916,0.0,-35.0,-6.4,831.18,67.9,35.18
1674114308.7581284,0.0,-34.0,-6.42,831.16,67.82,35.3
1674114370.1480389,0.0,-34.0,-6.43,831.17,67.78,35.39
1674114431.5380557,0.0,-34.0,-6.45,831.17,67.78,35.39
1674114492.9269962,0.0,-34.0,-6.47,831.17,67.78,35.36
1674114554.3170354,0.0,-35.0,-6.49,831.18,67.77,35.51
1674114615.7070549,0.0,-35.0,-6.5,831.2,67.74,35.45
1674114677.097493,0.0,-34.0,-6.52,831.21,67.69,35.51
1674114738.4874918,0.0,-35.0,-6.54,831.2,67.63,35.45
1674114799.8776894,0.0,-35.0,-6.56,831.18,67.57,35.66
1674114861.267526,0.0,-35.0,-6.58,831.17,67.56,35.72
1674114922.657504,0.0,-35.0,-6.61,831.19,67.56,35.91
1674114984.0477922,0.0,-34.0,-6.63,831.21,67.54,35.51
1674115045.4380057,0.0,-34.0,-6.65,831.21,67.47,35.75
1674115106.8240502,0.0,-34.0,-6.67,831.2,67.42,36.06
1674115168.2141316,0.0,-35.0,-6.69,831.2,67.4,36.03
1674115229.6042442,0.0,-35.0,-6.72,831.22,67.4,36.13
1674115290.995012,0.0,-35.0,-6.74,831.21,67.4,36.16
1674146138.4124103,0.0,-35.0,-2.47,833.67,51.57,30.82
1674146510.1207519,0.0,-39.0,-2.25,833.66,51.33,30.44
1674146571.507698,0.0,-37.0,-2.21,833.66,51.24,30.53
1674146632.8955777,0.0,-39.0,-2.18,833.65,51.15,30.57
1674146694.2826893,0.0,-36.0,-2.14,833.63,51.12,30.44
1674146755.6698039,0.0,-34.0,-2.1,833.62,51.1,30.46
1674146817.057802,0.0,-35.0,-2.06,833.63,51.02,30.57
1674146878.4452324,0.0,-35.0,-2.03,833.63,50.88,30.42
1674146939.8320746,0.0,-36.0,-1.99,833.63,50.75,30.31
1674147001.2202291,0.0,-36.0,-1.94,833.64,50.64,30.31
1674147062.6072114,0.0,-37.0,-1.9,833.64,50.59,30.13
1674147123.9943001,0.0,-37.0,-1.86,833.64,50.49,30.15
1674147185.381216,0.0,-40.0,-1.81,833.62,50.45,30.04
1674147246.7693353,0.0,-39.0,-1.77,833.61,50.41,30.09
1674147308.1564393,0.0,-37.0,-1.72,833.6,50.36,30.07
1674147369.5437698,0.0,-37.0,-1.67,833.6,50.28,29.68
1674147430.9307287,0.0,-35.0,-1.62,833.59,50.17,29.7
1674147492.3176491,0.0,-38.0,-1.57,833.58,50.07,29.68
1674147553.7048016,0.0,-40.0,-1.51,833.57,49.95,29.58
1674147615.0921874,0.0,-38.0,-1.46,833.56,49.88,29.39
1674147676.4791174,0.0,-37.0,-1.4,833.55,49.77,29.31
1674147737.8662646,0.0,-37.0,-1.34,833.56,49.65,29.08
1674147799.2532134,0.0,-37.0,-1.28,833.55,49.54,29.08
1674147860.6403284,0.0,-36.0,-1.23,833.56,49.46,28.92
1674147922.0272121,0.0,-36.0,-1.17,833.57,49.37,28.82
1674147983.414264,0.0,-36.0,-1.11,833.58,49.28,28.47
1674148044.8015034,0.0,-36.0,-1.05,833.59,49.2,28.56
1674148106.1886022,0.0,-36.0,-0.99,833.6,49.13,28.5
1674148167.5756338,0.0,-36.0,-0.93,833.61,49.04,28.39
1674148228.962299,0.0,-36.0,-0.87,833.62,48.97,28.25
1674148290.3487291,0.0,-36.0,-0.81,833.62,48.85,28.22
1674148351.7356834,0.0,-36.0,-0.74,833.62,48.73,28.1
1674148413.1227734,0.0,-36.0,-0.68,833.63,48.67,28.29
1674148474.5097294,0.0,-36.0,-0.62,833.64,48.63,27.9
1674148535.8957863,0.0,-36.0,-0.55,833.66,48.59,28.03
1674148597.2831879,0.0,-37.0,-0.49,833.67,48.53,27.9
1674148658.6688988,0.0,-37.0,-0.42,833.68,48.5,27.8
1674148720.0562332,0.0,-37.0,-0.35,833.69,48.47,27.75
1674148781.443195,0.0,-36.0,-0.29,833.7,48.44,27.58
1674148842.8292534,0.0,-39.0,-0.21,833.7,48.41,27.49
1674148904.216205,0.0,-36.0,-0.14,833.7,48.39,27.55
1674148965.602591,0.0,-36.0,-0.07,833.71,48.36,27.42
1674149026.9892755,0.0,-36.0,-0.0,833.72,48.35,27.33
1674149088.375388,0.0,-36.0,0.07,833.72,48.32,27.15
1674149149.7616608,0.0,-36.0,0.14,833.73,48.28,27.01
1674149211.1487112,0.0,-36.0,0.21,833.74,48.2,26.8
1674149272.5347707,0.0,-36.0,0.28,833.75,48.13,26.68
1674149333.920804,0.0,-36.0,0.35,833.75,48.0,26.43
1674149395.3076823,0.0,-37.0,0.41,833.75,47.95,26.3
1674149456.6937666,0.0,-44.0,0.47,833.75,47.97,26.26
1674149518.0801334,0.0,-38.0,0.52,833.75,48.01,25.97
1674149579.466689,0.0,-39.0,0.59,833.74,47.95,25.86
1674149640.853355,0.0,-39.0,0.65,833.74,47.85,25.84
1674149702.2389836,0.0,-38.0,0.71,833.74,47.73,25.76
1674149763.6251178,0.0,-37.0,0.77,833.75,47.59,25.59
1674149825.0112174,0.0,-39.0,0.84,833.75,47.38,25.6
1674149886.3978052,0.0,-37.0,0.9,833.75,47.09,25.67
1674149947.7841847,0.0,-38.0,0.97,833.75,46.8,25.62
1674150009.1707153,0.0,-37.0,1.03,833.74,46.5,25.51
1674150070.5567315,0.0,-37.0,1.09,833.74,46.23,25.65
1674150131.9386823,0.0,-38.0,1.16,833.74,45.94,25.59
1674150193.3246799,0.0,-41.0,1.22,833.74,45.67,25.42
1674150254.7107675,0.0,-40.0,1.28,833.74,45.33,25.54
1674150316.0971177,0.0,-41.0,1.35,833.75,45.0,25.32
1674150377.4827473,0.0,-42.0,1.41,833.76,44.79,25.31
1674150438.8686414,0.0,-43.0,1.47,833.76,44.62,25.34
1674150500.2542195,0.0,-43.0,1.53,833.76,44.46,25.23
1674150561.6401513,0.0,-38.0,1.59,833.77,44.28,25.25
1674150623.026208,0.0,-39.0,1.65,833.77,44.08,25.14
1674150684.4122665,0.0,-37.0,1.71,833.78,43.85,25.11
1674150745.7982795,0.0,-36.0,1.77,833.79,43.57,25.08
1674150807.1833553,0.0,-43.0,1.83,833.79,43.34,25.01
1674150868.569544,0.0,-42.0,1.89,833.79,43.15,24.92
1674150929.9552145,0.0,-39.0,1.94,833.78,42.98,24.86
1674150991.3412714,0.0,-39.0,2.0,833.77,42.8,24.84
1674151052.7266207,0.0,-38.0,2.06,833.78,42.62,24.61
1674151114.1126413,0.0,-38.0,2.11,833.78,42.42,24.62
1674151175.4986851,0.0,-40.0,2.17,833.78,42.27,24.43
1674151236.8837447,0.0,-40.0,2.22,833.77,42.13,24.42
1674151298.269712,0.0,-37.0,2.28,833.75,42.03,24.38
1674151359.6550884,0.0,-39.0,2.33,833.74,41.93,24.26
1674151421.0412164,0.0,-36.0,2.39,833.73,41.78,24.19
1674151482.4262037,0.0,-40.0,2.44,833.71,41.64,24.1
1674151543.8122332,0.0,-40.0,2.5,833.7,41.49,23.99
1674151605.1972144,0.0,-37.0,2.55,833.69,41.33,24.01
1674151666.5832353,0.0,-36.0,2.61,833.69,41.22,23.9
1674151727.968395,0.0,-37.0,2.66,833.68,41.1,23.65
1674151789.354204,0.0,-41.0,2.71,833.69,40.94,23.54
1674151850.7394686,0.0,-40.0,2.76,833.68,40.74,23.52
1674151912.1252344,0.0,-40.0,2.81,833.66,40.57,23.54
1674151973.51078,0.0,-40.0,2.87,833.65,40.43,23.38
1674152034.8956819,0.0,-40.0,2.92,833.64,40.28,23.38
1674152096.2807834,0.0,-39.0,2.97,833.63,40.1,23.41
1674152157.666686,0.0,-34.0,3.02,833.61,39.98,23.33
1674152219.0518203,0.0,-42.0,3.06,833.6,39.88,23.33
1674152280.4371164,0.0,-42.0,3.11,833.59,39.68,23.46
1674152341.8227153,0.0,-42.0,3.15,833.58,39.6,23.36
1674152403.2078032,0.0,-39.0,3.19,833.57,39.52,23.36
1674152464.5936685,0.0,-40.0,3.23,833.55,39.39,23.38
1674152525.9780707,0.0,-39.0,3.27,833.53,39.16,23.31
1674152587.3633235,0.0,-41.0,3.31,833.51,38.96,23.31
1674152648.7482374,0.0,-42.0,3.35,833.5,38.82,23.31
1674152710.1305733,0.0,-43.0,3.38,833.48,38.71,23.41
1674152771.515403,0.0,-39.0,3.42,833.47,38.55,23.23
1674152832.9003038,0.0,-37.0,3.46,833.47,38.42,23.13
1674152894.2853203,0.0,-43.0,3.49,833.46,38.33,23.25
1674152955.6706529,0.0,-41.0,3.53,833.45,38.21,23.33
1674153017.0559535,0.0,-36.0,3.57,833.45,38.12,23.31
1674153078.4409146,0.0,-36.0,3.61,833.43,38.06,23.28
1674153139.825713,0.0,-40.0,3.64,833.44,37.96,23.15
1674153201.2108254,0.0,-33.0,3.68,833.44,37.87,23.23
1674153262.5962346,0.0,-34.0,3.72,833.44,37.8,23.15
1674153323.9813018,0.0,-35.0,3.75,833.44,37.7,23.07
1674153385.3662417,0.0,-34.0,3.79,833.43,37.68,22.92
1674153446.7512157,0.0,-36.0,3.82,833.43,37.69,22.9
1674153508.1360774,0.0,-36.0,3.86,833.42,37.77,22.85
1674153569.5213008,0.0,-34.0,3.89,833.41,37.75,22.87
1674153630.906309,0.0,-34.0,3.92,833.41,37.69,22.87
1674153692.291569,0.0,-34.0,3.95,833.4,37.61,22.92
1674153753.6766365,0.0,-34.0,3.98,833.4,37.55,22.82
1674153815.0618358,0.0,-34.0,4.01,833.39,37.53,22.87
1674153876.4467173,0.0,-36.0,4.04,833.4,37.5,22.87
1674153937.8318038,0.0,-35.0,4.07,833.4,37.46,22.82
1674153999.216765,0.0,-36.0,4.1,833.41,37.44,22.7
1674154060.6016734,0.0,-36.0,4.13,833.41,37.42,22.72
1674154121.9867678,0.0,-35.0,4.16,833.42,37.39,22.6
1674154183.3719368,0.0,-36.0,4.19,833.43,37.32,22.6
1674154244.756226,0.0,-35.0,4.22,833.44,37.27,22.38
1674154306.141233,0.0,-36.0,4.25,833.44,37.21,22.55
1674154367.522249,0.0,-37.0,4.28,833.45,37.23,22.38
1674154428.9070005,0.0,-41.0,4.3,833.46,37.21,22.48
1674154490.2922957,0.0,-40.0,4.33,833.47,37.17,22.36
1674154551.677311,0.0,-40.0,4.36,833.48,37.17,22.36
1674154613.0616696,0.0,-34.0,4.39,833.49,37.21,22.33
1674154674.442254,0.0,-36.0,4.41,833.49,37.3,22.26
1674154735.8274524,0.0,-33.0,4.44,833.51,37.34,22.12
1674154797.2128255,0.0,-34.0,4.46,833.51,37.36,22.19
1674154858.5966897,0.0,-33.0,4.49,833.52,37.36,22.14
1674154919.981762,0.0,-33.0,4.51,833.53,37.35,22.24
1674154981.3667552,0.0,-38.0,4.54,833.54,37.36,22.28
1674155042.7518337,0.0,-33.0,4.56,833.54,37.35,22.36
1674155104.1360703,0.0,-36.0,4.59,833.55,37.33,22.38
1674155165.521262,0.0,-37.0,4.61,833.55,37.32,22.38
1674155289.0122473,0.0,-34.0,5.59,833.5,37.36,28.41
1674155350.397016,0.0,-39.0,5.39,833.51,37.44,25.97
1674174448.7256916,0.0,-41.0,19.33,834.85,15.42,15.24
1674174509.7619636,0.0,-37.0,18.17,834.85,16.52,15.19
1674174571.142734,0.0,-36.0,16.85,834.85,17.67,15.75
1674174632.5249481,0.0,-36.0,15.48,834.85,18.97,16.49
1674174693.904193,0.0,-35.0,14.11,834.85,20.36,17.33
1674174755.2872376,0.0,-36.0,12.77,834.85,21.8,18.3
1674174816.6702332,0.0,-35.0,11.51,834.85,23.02,19.08
1674174939.4384243,0.0,-36.0,9.25,834.86,25.59,20.51
1674175000.8235025,0.0,-37.0,8.27,834.87,26.83,21.2
1674175062.2072074,0.0,-37.0,7.38,834.87,28.24,21.82
1674175123.592465,0.0,-34.0,6.58,834.88,29.41,22.36
1674175184.978456,0.0,-37.0,5.87,834.89,30.87,22.77
1674175246.3637805,0.0,-36.0,5.23,834.9,31.22,23.33
1674175307.7488012,0.0,-37.0,4.66,834.9,31.81,23.69
1674175369.134733,0.0,-36.0,4.15,834.91,31.82,24.04
1674175430.5207345,0.0,-34.0,3.69,834.92,32.22,24.32
1674175491.9059665,0.0,-36.0,3.27,834.91,32.42,24.55
1674175553.2879066,0.0,-37.0,2.89,834.92,33.12,24.61
1674175614.6742966,0.0,-36.0,2.56,834.92,33.64,24.93
1674175676.0602286,0.0,-36.0,2.26,834.94,34.01,25.04
1674175737.4462333,0.0,-40.0,1.99,834.94,34.77,25.22
1674175798.8323164,0.0,-37.0,1.75,834.94,35.2,25.71
1674175860.2141922,0.0,-35.0,1.53,834.94,35.54,25.65
1674175921.6004996,0.0,-36.0,1.34,834.95,35.9,25.73
1674175982.9862137,0.0,-36.0,1.16,834.96,36.3,26.15
1674176044.3724635,0.0,-37.0,1.01,834.96,36.56,26.1
1674176105.7587888,0.0,-36.0,0.88,834.96,37.11,25.99
1674176167.1443264,0.0,-38.0,0.76,834.96,37.34,26.12
1674176228.5313387,0.0,-37.0,0.66,834.95,37.69,26.15
1674176289.9177346,0.0,-35.0,0.57,834.95,38.17,26.13
1674176351.303685,0.0,-36.0,0.49,834.96,38.39,26.23
1674176412.6896827,0.0,-37.0,0.43,834.97,38.87,26.48
1674176474.0759099,0.0,-36.0,0.37,834.97,39.24,26.46
1674176536.271766,0.0,-37.0,0.33,834.97,39.39,26.31
1674176597.6583004,0.0,-37.0,0.29,834.99,39.08,26.43
1674176659.0443006,0.0,-35.0,0.25,835.01,39.02,26.43
1674176720.4312317,0.0,-35.0,0.22,835.02,39.02,26.48
1674176781.817326,0.0,-34.0,0.19,835.05,39.43,26.31
1674176843.2032425,0.0,-36.0,0.17,835.05,40.0,26.43
1674176904.5892215,0.0,-35.0,0.15,835.07,40.35,26.43
1674176965.9755049,0.0,-36.0,0.13,835.09,40.26,26.46
1674177027.3627465,0.0,-35.0,0.12,835.11,40.31,26.41
1674177088.7487912,0.0,-36.0,0.11,835.12,40.63,26.46
1674177150.1346893,0.0,-35.0,0.11,835.13,40.96,26.45
1674177211.5207314,0.0,-35.0,0.1,835.13,41.0,26.45
1674177272.9079933,0.0,-36.0,0.09,835.15,41.17,26.26
1674177334.294043,0.0,-37.0,0.08,835.16,41.38,26.26
1674177395.679959,0.0,-37.0,0.08,835.17,41.63,26.26
1674177457.0627186,0.0,-36.0,0.07,835.19,41.74,26.23
1674177518.4489427,0.0,-35.0,0.07,835.2,42.25,26.26
1674177579.8352659,0.0,-36.0,0.07,835.21,42.08,26.18
1674177641.2210453,0.0,-36.0,0.06,835.22,41.99,26.38
1674177702.607331,0.0,-36.0,0.06,835.22,41.97,26.41
1674177763.9945076,0.0,-36.0,0.06,835.23,41.96,26.38
1674177825.3807392,0.0,-36.0,0.06,835.25,42.19,26.45
1674177886.7662358,0.0,-37.0,0.06,835.27,42.24,26.41
1674177948.1527426,0.0,-37.0,0.06,835.29,42.19,26.5
1674178009.53945,0.0,-36.0,0.05,835.3,42.12,26.43
1674178070.9257853,0.0,-36.0,0.05,835.32,42.11,26.33
1674178132.311661,0.0,-36.0,0.05,835.34,42.86,26.23
1674178193.6976986,0.0,-36.0,0.05,835.36,43.14,26.22
1674178255.0846984,0.0,-36.0,0.05,835.38,43.19,26.25
1674178316.470767,0.0,-36.0,0.05,835.41,43.15,26.3
1674178377.8567674,0.0,-36.0,0.04,835.44,43.21,26.26
1674178439.24326,0.0,-36.0,0.04,835.45,43.38,26.3
1674178500.6297712,0.0,-36.0,0.04,835.47,43.82,26.2
1674178564.752795,0.0,-36.0,0.03,835.48,44.4,26.33
1674178626.1388738,0.0,-37.0,0.03,835.5,44.68,26.33
1674178687.5249362,0.0,-36.0,0.02,835.51,45.02,26.13
1674178749.2749984,0.0,-36.0,0.02,835.52,45.55,26.07
1674178810.6611097,0.0,-36.0,0.01,835.54,45.65,25.97
1674178872.0477726,0.0,-36.0,0.0,835.55,45.56,25.84
1674178933.434197,0.0,-36.0,-0.01,835.57,45.5,26.0
1674178994.8202686,0.0,-36.0,-0.02,835.59,45.55,26.1
1674179056.2072623,0.0,-36.0,-0.04,835.6,45.56,25.95
1674179117.593323,0.0,-36.0,-0.05,835.61,45.69,26.0
1674179178.9797232,0.0,-36.0,-0.07,835.63,45.87,26.0
1674179240.366309,0.0,-36.0,-0.08,835.65,46.11,26.1
1674179301.7524936,0.0,-36.0,-0.1,835.67,46.34,25.99
1674179363.1392348,0.0,-36.0,-0.12,835.68,46.6,26.07
1674179424.525852,0.0,-36.0,-0.14,835.69,46.83,25.86
1674179485.9127226,0.0,-36.0,-0.16,835.7,47.09,25.84
1674179547.2987504,0.0,-36.0,-0.19,835.71,47.26,25.65
1674179608.685435,0.0,-36.0,-0.22,835.72,47.62,25.62
1674179670.0720603,0.0,-36.0,-0.25,835.74,47.86,25.56
1674179731.4578235,0.0,-36.0,-0.29,835.75,48.11,25.62
1674179792.8447423,0.0,-36.0,-0.32,835.78,48.3,25.46
1674179854.2307887,0.0,-36.0,-0.35,835.8,48.96,25.05
1674179915.6182709,0.0,-36.0,-0.38,835.81,49.64,25.04
1674179977.0052493,0.0,-36.0,-0.41,835.83,49.62,24.96
1674180038.3914084,0.0,-36.0,-0.44,835.84,49.52,24.98
1674180162.4793897,0.0,-36.0,-0.51,835.86,49.62,25.01
1674180223.8652425,0.0,-36.0,-0.55,835.87,49.66,25.04
1674180285.2523067,0.0,-36.0,-0.58,835.88,49.75,24.96
1674180346.6392026,0.0,-36.0,-0.62,835.89,49.77,25.14
1674180408.0254302,0.0,-36.0,-0.65,835.9,50.04,25.04
1674180469.4127042,0.0,-36.0,-0.69,835.91,50.29,25.25
1674180530.7998426,0.0,-36.0,-0.72,835.91,50.43,25.07
1674180592.1817703,0.0,-37.0,-0.76,835.92,50.48,25.05
1674180653.569144,0.0,-37.0,-0.79,835.93,50.62,25.17
1674180714.9561331,0.0,-38.0,-0.83,835.94,50.7,25.08
1674180776.3431602,0.0,-37.0,-0.86,835.94,50.81,25.2
1674180837.730328,0.0,-38.0,-0.89,835.95,50.92,25.22
1674180899.1122806,0.0,-39.0,-0.92,835.96,51.0,25.25
1674180960.4993234,0.0,-39.0,-0.95,835.96,51.16,25.17
1674181021.8865218,0.0,-38.0,-0.98,835.96,51.37,25.17
1674181083.2733808,0.0,-38.0,-1.01,835.97,51.57,25.28
1674181144.660307,0.0,-38.0,-1.04,835.96,51.69,25.2
1674181206.0471952,0.0,-37.0,-1.07,835.97,51.76,25.29
1674181267.4338102,0.0,-37.0,-1.11,835.96,51.75,25.32
1674181328.820606,0.0,-37.0,-1.14,835.95,51.69,25.32
1674181390.2077084,0.0,-37.0,-1.17,835.95,51.74,25.64
1674181451.5947564,0.0,-37.0,-1.2,835.96,51.77,25.56
1674181512.981743,0.0,-37.0,-1.23,835.96,51.86,25.56
1674181574.3687377,0.0,-37.0,-1.26,835.96,52.01,25.52
1674181635.7561333,0.0,-37.0,-1.28,835.97,52.1,25.71
1674181697.142651,0.0,-37.0,-1.3,835.98,52.17,25.57
1674181758.528833,0.0,-36.0,-1.33,835.99,52.37,25.71
1674181819.9164393,0.0,-37.0,-1.35,835.99,52.54,25.76
1674181881.3037138,0.0,-37.0,-1.37,836.0,52.67,25.83
1674181942.690276,0.0,-37.0,-1.39,836.01,52.86,25.86
1674182004.0773304,0.0,-37.0,-1.41,836.03,53.09,25.64
1674182065.4603448,0.0,-37.0,-1.44,836.05,53.3,25.64
1674182126.8474822,0.0,-37.0,-1.46,836.06,53.55,25.71
1674182188.2347414,0.0,-37.0,-1.48,836.07,53.75,25.65
1674182249.6217384,0.0,-37.0,-1.5,836.09,53.82,25.67
1674182311.0087173,0.0,-37.0,-1.53,836.11,53.94,25.84
1674182372.395726,0.0,-37.0,-1.55,836.13,53.94,25.59
1674182433.7836156,0.0,-37.0,-1.57,836.16,53.99,25.57
1674182495.1708386,0.0,-38.0,-1.59,836.19,53.94,25.83
1674182556.5577862,0.0,-37.0,-1.6,836.21,53.93,25.89
1674182617.9449213,0.0,-37.0,-1.62,836.22,53.95,25.89
1674182679.3282442,0.0,-37.0,-1.64,836.23,53.92,26.13
1674182740.7152927,0.0,-38.0,-1.66,836.24,53.89,26.12
1674182802.102474,0.0,-37.0,-1.68,836.26,53.97,26.33
1674182863.489288,0.0,-37.0,-1.7,836.28,54.0,26.26
1674182924.876206,0.0,-36.0,-1.73,836.29,53.96,26.4
1674182986.2642114,0.0,-38.0,-1.75,836.3,53.66,26.43
1674183047.6512816,0.0,-37.0,-1.77,836.3,53.29,26.8
1674183109.0387905,0.0,-37.0,-1.79,836.3,53.07,26.89
1674183170.4266522,0.0,-37.0,-1.81,836.3,53.02,26.85
1674183231.813916,0.0,-37.0,-1.83,836.3,52.94,27.12
1674183293.2005782,0.0,-37.0,-1.85,836.29,52.87,27.03
1674183354.5889578,0.0,-37.0,-1.87,836.28,52.84,27.24
1674183415.9757266,0.0,-37.0,-1.88,836.29,52.68,27.28
1674183477.3638668,0.0,-37.0,-1.9,836.28,52.34,27.6
1674183538.7470882,0.0,-37.0,-1.92,836.28,52.28,27.6
1674183600.1342921,0.0,-37.0,-1.94,836.29,52.32,27.77
1674183661.5222802,0.0,-37.0,-1.95,836.3,52.6,27.64
1674183722.9092374,0.0,-37.0,-1.96,836.31,52.79,27.66
1674183784.2962973,0.0,-37.0,-1.97,836.33,52.88,27.9
1674183845.679241,0.0,-37.0,-1.98,836.36,53.04,27.6
1674183907.067274,0.0,-37.0,-1.98,836.39,53.18,27.64
1674183968.4547336,0.0,-37.0,-1.99,836.43,53.14,27.64
1674184029.8417053,0.0,-37.0,-2.0,836.46,53.02,27.88
1674184091.2297535,0.0,-37.0,-2.0,836.48,52.78,27.78
1674184152.6128843,0.0,-37.0,-2.0,836.49,52.68,28.08
1674184214.0012612,0.0,-37.0,-2.0,836.49,52.6,27.9
1674184275.3878312,0.0,-37.0,-2.01,836.49,52.26,28.05
1674184336.7746925,0.0,-37.0,-2.02,836.49,51.85,28.12
1674184398.1627135,0.0,-37.0,-2.04,836.5,51.36,28.49
1674184459.5458336,0.0,-37.0,-2.06,836.52,50.92,28.68
1674184520.9342816,0.0,-38.0,-2.09,836.53,50.1,28.86
1674184582.3212886,0.0,-37.0,-2.12,836.54,49.85,29.22
1674184643.709354,0.0,-37.0,-2.14,836.57,49.86,29.12
1674184705.0972085,0.0,-38.0,-2.17,836.58,50.11,29.18
1674184766.4841914,0.0,-37.0,-2.19,836.59,50.55,29.16
1674184827.8727093,0.0,-37.0,-2.2,836.6,50.93,29.28
1674184889.2592504,0.0,-37.0,-2.21,836.61,51.21,29.31
1674184950.6473255,0.0,-37.0,-2.22,836.63,51.2,29.1
1674185012.0347235,0.0,-37.0,-2.23,836.64,51.2,28.92
1674185073.422713,0.0,-37.0,-2.24,836.66,51.29,29.08
1674185134.8107204,0.0,-37.0,-2.24,836.67,51.46,29.0
1674185196.1977794,0.0,-37.0,-2.25,836.67,51.6,28.98
1674185257.5858114,0.0,-37.0,-2.25,836.67,51.69,28.88
1674185318.9731607,0.0,-37.0,-2.25,836.67,51.57,29.0
1674185380.3608482,0.0,-37.0,-2.26,836.67,51.42,29.08
1674185441.7487345,0.0,-37.0,-2.27,836.68,51.6,28.98
1674185503.1359441,0.0,-37.0,-2.28,836.69,51.8,28.92
1674185564.5240629,0.0,-37.0,-2.29,836.69,51.94,28.92
1674185625.9121838,0.0,-37.0,-2.3,836.69,51.36,29.08
1674185687.7903628,0.0,-37.0,-2.31,836.7,51.22,29.22
1674185749.1785576,0.0,-37.0,-2.33,836.71,51.37,29.14
1674185810.9962046,0.0,-37.0,-2.34,836.71,51.6,29.28
1674185872.383328,0.0,-37.0,-2.35,836.71,51.78,29.16
1674185933.7714381,0.0,-37.0,-2.36,836.72,51.98,29.06
1674185995.1589193,0.0,-37.0,-2.37,836.73,51.97,29.08
1674186056.546712,0.0,-37.0,-2.38,836.74,51.94,29.39
1674186117.9337413,0.0,-37.0,-2.39,836.76,51.96,29.02
1674186179.3217835,0.0,-38.0,-2.39,836.78,51.88,29.12
1674186240.7099016,0.0,-38.0,-2.4,836.8,51.84,29.1
1674186302.0967436,0.0,-37.0,-2.4,836.82,51.87,29.1
1674186363.485233,0.0,-37.0,-2.41,836.84,51.97,29.24
1674186424.872243,0.0,-38.0,-2.41,836.86,52.09,29.06
1674186486.2602115,0.0,-39.0,-2.42,836.88,52.11,29.16
1674186547.6482778,0.0,-38.0,-2.42,836.89,52.29,29.02
1674186609.0353475,0.0,-38.0,-2.43,836.9,52.54,29.16
1674186670.4232812,0.0,-38.0,-2.44,836.92,52.36,28.96
1674186731.8113484,0.0,-38.0,-2.45,836.93,51.97,29.04
1674186793.1986947,0.0,-38.0,-2.46,836.95,52.38,29.16
1674186854.5867124,0.0,-39.0,-2.47,836.97,52.73,29.14
1674186915.9748378,0.0,-39.0,-2.48,836.99,52.89,29.06
1674186977.3617244,0.0,-39.0,-2.48,837.01,53.07,29.18
1674187038.7500215,0.0,-39.0,-2.49,837.02,52.78,29.1
1674187100.1369984,0.0,-38.0,-2.5,837.04,52.12,29.35
1674187161.5247085,0.0,-38.0,-2.51,837.04,51.63,29.45
1674187222.9127386,0.0,-38.0,-2.52,837.05,51.34,29.62
1674187284.2998452,0.0,-39.0,-2.53,837.06,51.19,29.66
1674187345.6883514,0.0,-38.0,-2.54,837.06,51.11,29.62
1674187407.0762012,0.0,-37.0,-2.55,837.07,51.16,29.74
1674187468.4629872,0.0,-38.0,-2.56,837.09,51.74,29.83
1674187529.8467026,0.0,-37.0,-2.57,837.1,52.4,29.62
1674187591.2342796,0.0,-37.0,-2.57,837.11,52.76,29.47
1674187652.6222224,0.0,-38.0,-2.58,837.11,53.05,29.22
1674187714.0092628,0.0,-39.0,-2.58,837.12,53.3,29.12
1674187775.397469,0.0,-39.0,-2.58,837.12,53.54,29.1
1674187836.780907,0.0,-39.0,-2.58,837.12,53.75,29.02
1674187898.1687863,0.0,-39.0,-2.58,837.12,53.66,29.02
1674187959.5567908,0.0,-39.0,-2.59,837.12,53.46,29.33
1674188020.943972,0.0,-39.0,-2.59,837.12,53.51,29.22
1674188082.3320498,0.0,-38.0,-2.6,837.12,53.73,29.37
1674188143.7198265,0.0,-39.0,-2.61,837.12,53.83,29.2
1674188205.1069422,0.0,-38.0,-2.62,837.12,53.64,29.1
1674188266.4952254,0.0,-38.0,-2.63,837.12,53.65,29.43
1674188327.883695,0.0,-39.0,-2.65,837.13,53.58,29.41
1674188389.2713132,0.0,-38.0,-2.66,837.14,53.63,29.41
1674188450.6542702,0.0,-37.0,-2.68,837.16,53.72,29.35
1674188512.042277,0.0,-37.0,-2.69,837.18,53.64,29.53
1674188573.4302418,0.0,-38.0,-2.7,837.2,53.71,29.53
1674188634.8177412,0.0,-38.0,-2.71,837.22,54.13,29.31
1674188696.2054293,0.0,-38.0,-2.71,837.24,54.4,29.37
1674188757.5937364,0.0,-38.0,-2.72,837.25,54.63,29.24
1674188818.9818745,0.0,-38.0,-2.72,837.26,54.79,29.28
1674188880.3697426,0.0,-38.0,-2.72,837.27,54.98,29.33
1674188941.757589,0.0,-37.0,-2.72,837.29,55.01,29.16
1674189003.144736,0.0,-39.0,-2.72,837.29,54.89,29.12
1674189064.5328214,0.0,-38.0,-2.72,837.3,54.54,29.14
1674189125.9208107,0.0,-39.0,-2.72,837.3,54.11,29.43
1674189187.3089914,0.0,-39.0,-2.73,837.31,53.88,29.68
1674189248.6969755,0.0,-39.0,-2.74,837.33,53.85,29.66
1674189310.084191,0.0,-39.0,-2.75,837.34,53.76,29.68
1674189371.4722502,0.0,-37.0,-2.76,837.35,53.6,29.62
1674189432.8603044,0.0,-37.0,-2.76,837.37,53.58,29.87
1674189494.2482736,0.0,-36.0,-2.77,837.38,53.91,29.7
1674189555.6363523,0.0,-36.0,-2.78,837.39,54.3,29.68
1674189617.0234604,0.0,-37.0,-2.78,837.39,54.65,29.68
1674189678.411859,0.0,-36.0,-2.78,837.39,54.57,29.64
1674189739.7998085,0.0,-37.0,-2.79,837.39,53.99,29.7
1674189801.1879601,0.0,-37.0,-2.8,837.38,54.12,29.7
1674189862.5757682,0.0,-39.0,-2.81,837.38,54.34,29.91
1674189923.9627624,0.0,-39.0,-2.81,837.38,54.5,29.68
1674189985.3510342,0.0,-39.0,-2.82,837.39,54.69,29.81
1674190046.7392244,0.0,-39.0,-2.83,837.41,54.5,29.87
1674190108.1268048,0.0,-39.0,-2.84,837.42,54.19,30.09
1674190169.5153475,0.0,-38.0,-2.84,837.42,54.47,29.96
1674190230.903286,0.0,-37.0,-2.85,837.43,54.93,29.74
1674190292.2903736,0.0,-38.0,-2.86,837.43,55.1,29.64
1674190353.6782038,0.0,-37.0,-2.87,837.44,55.12,29.58
1674190415.0662513,0.0,-37.0,-2.88,837.44,55.05,29.55
1674190476.4547284,0.0,-37.0,-2.89,837.45,55.16,29.62
1674190537.842721,0.0,-37.0,-2.89,837.46,55.22,29.58
1674190599.2307549,0.0,-37.0,-2.9,837.47,55.34,29.64
1674190660.6188366,0.0,-38.0,-2.9,837.48,55.59,29.49
1674190722.0066829,0.0,-37.0,-2.9,837.5,55.87,29.53
1674190783.3937938,0.0,-37.0,-2.9,837.53,56.1,29.24
1674190844.781755,0.0,-37.0,-2.9,837.56,56.21,29.2
1674190906.1701005,0.0,-36.0,-2.91,837.59,56.01,29.14
1674190967.5578332,0.0,-37.0,-2.91,837.6,55.99,29.14
1674191028.9462276,0.0,-37.0,-2.92,837.62,56.06,29.31
1674191090.3333452,0.0,-37.0,-2.92,837.62,56.11,29.51
1674191151.7212362,0.0,-37.0,-2.92,837.61,56.06,29.39
1674191213.1092353,0.0,-37.0,-2.93,837.6,56.06,29.26
1674191274.4932945,0.0,-37.0,-2.93,837.58,55.96,29.35
1674191335.8813813,0.0,-37.0,-2.94,837.57,55.74,29.41
1674191397.269464,0.0,-37.0,-2.96,837.55,55.65,29.64
1674191458.6568413,0.0,-38.0,-2.99,837.54,55.58,29.51
1674191520.0455031,0.0,-38.0,-3.01,837.53,55.72,29.7
1674191581.4338043,0.0,-38.0,-3.03,837.55,56.21,29.7
1674191642.8217804,0.0,-38.0,-3.05,837.56,56.34,29.76
1674191704.2097445,0.0,-38.0,-3.06,837.57,56.43,29.7
1674191765.5980153,0.0,-38.0,-3.07,837.58,56.47,29.7
1674191826.985839,0.0,-38.0,-3.09,837.59,56.64,29.91
1674191888.3738713,0.0,-39.0,-3.09,837.6,56.85,29.72
1674191949.7618356,0.0,-39.0,-3.1,837.61,56.98,29.58
1674192011.1503105,0.0,-38.0,-3.09,837.63,57.13,29.51
1674192072.5382407,0.0,-39.0,-3.09,837.63,57.28,29.53
1674192133.926323,0.0,-39.0,-3.08,837.64,57.4,29.24
1674192195.3141665,0.0,-38.0,-3.08,837.64,57.44,29.16
1674192256.7021847,0.0,-38.0,-3.07,837.65,57.56,29.06
1674192318.0892534,0.0,-38.0,-3.06,837.66,57.67,29.04
1674192379.4774466,0.0,-38.0,-3.05,837.66,57.62,29.1
1674192440.8654459,0.0,-38.0,-3.05,837.66,57.45,29.0
1674192502.2536726,0.0,-38.0,-3.04,837.66,57.13,29.41
1674192563.641802,0.0,-38.0,-3.04,837.67,57.05,29.26
1674192625.0299466,0.0,-38.0,-3.04,837.69,57.06,29.2
1674192686.4177473,0.0,-37.0,-3.04,837.7,57.11,29.16
1674192747.8058894,0.0,-37.0,-3.04,837.72,57.18,29.2
1674192809.1931689,0.0,-39.0,-3.03,837.74,57.18,29.2
1674192870.5812688,0.0,-37.0,-3.03,837.75,56.88,29.41
1674192931.969275,0.0,-38.0,-3.04,837.77,56.78,29.37
1674192993.3573103,0.0,-38.0,-3.04,837.78,56.88,29.31
1674193054.745233,0.0,-38.0,-3.04,837.79,56.96,29.31
1674193116.1333926,0.0,-39.0,-3.04,837.81,57.02,29.45
1674193177.5213583,0.0,-39.0,-3.04,837.82,57.14,29.24
1674193238.9092712,0.0,-38.0,-3.05,837.83,56.92,29.51
1674193300.2977216,0.0,-37.0,-3.05,837.83,56.75,29.39
1674193361.685484,0.0,-37.0,-3.06,837.84,56.81,29.47
1674193423.0738685,0.0,-38.0,-3.08,837.83,56.66,29.58
1674193484.4618552,0.0,-39.0,-3.09,837.83,56.6,29.79
1674193545.8498342,0.0,-37.0,-3.1,837.83,56.62,29.72
1674193607.2377675,0.0,-37.0,-3.11,837.84,56.51,29.83
1674193668.6257422,0.0,-37.0,-3.13,837.85,56.63,29.89
1674193730.013804,0.0,-37.0,-3.13,837.86,56.89,29.87
1674193791.3982573,0.0,-40.0,-3.14,837.88,57.21,29.81
1674193852.7863567,0.0,-37.0,-3.14,837.89,57.64,29.64
1674193914.1743472,0.0,-39.0,-3.15,837.9,57.84,29.49
1674193975.5624058,0.0,-38.0,-3.15,837.91,58.08,29.43
1674194036.9502974,0.0,-38.0,-3.15,837.9,58.27,29.53
1674194098.338529,0.0,-38.0,-3.15,837.9,58.38,29.45
1674194159.7263005,0.0,-38.0,-3.15,837.89,58.42,29.14
1674194221.1142602,0.0,-38.0,-3.15,837.88,58.37,29.2
1674194282.5025828,0.0,-37.0,-3.15,837.87,57.95,29.43
1674194343.8903704,0.0,-39.0,-3.15,837.87,57.31,29.68
1674194405.2788694,0.0,-38.0,-3.15,837.86,56.67,29.72
1674194466.6669266,0.0,-39.0,-3.16,837.84,56.49,30.0
1674194528.0547268,0.0,-39.0,-3.17,837.83,56.46,30.0
1674194589.4426496,0.0,-39.0,-3.18,837.84,56.44,29.93
1674194650.8317924,0.0,-38.0,-3.19,837.84,56.3,30.15
1674194712.2202055,0.0,-38.0,-3.2,837.84,56.23,30.13
1674194773.6082332,0.0,-38.0,-3.21,837.84,56.13,30.11
1674194834.9962986,0.0,-38.0,-3.21,837.84,56.21,30.07
1674194896.3843942,0.0,-37.0,-3.22,837.85,56.37,30.04
1674194957.7721298,0.0,-37.0,-3.22,837.86,56.46,30.02
1674195019.1603067,0.0,-38.0,-3.22,837.86,56.82,29.98
1674195080.5482109,0.0,-38.0,-3.21,837.87,57.37,29.85
1674195141.936241,0.0,-37.0,-3.21,837.87,57.62,29.74
1674195203.3245397,0.0,-37.0,-3.21,837.88,57.68,29.74
1674195264.7128098,0.0,-38.0,-3.2,837.88,57.73,29.64
1674195326.100806,0.0,-39.0,-3.2,837.88,57.77,29.62
1674195387.4887424,0.0,-38.0,-3.19,837.88,57.92,29.49
1674195448.877002,0.0,-38.0,-3.18,837.87,57.89,29.58
1674195510.264724,0.0,-38.0,-3.18,837.87,57.62,29.68
1674195571.653106,0.0,-38.0,-3.18,837.86,57.01,29.74
1674195633.0408003,0.0,-37.0,-3.18,837.86,56.83,29.96
1674195694.4289558,0.0,-37.0,-3.19,837.85,57.29,29.87
1674195755.818251,0.0,-37.0,-3.19,837.84,57.54,29.96
1674195817.2062154,0.0,-37.0,-3.2,837.84,57.54,29.76
1674195878.5937293,0.0,-37.0,-3.2,837.84,57.33,29.87
1674195939.9812684,0.0,-37.0,-3.21,837.83,57.08,30.02
1674196001.3703735,0.0,-37.0,-3.21,837.82,56.87,30.26
1674196062.7577121,0.0,-37.0,-3.21,837.83,56.62,30.24
1674196124.14576,0.0,-37.0,-3.21,837.82,56.26,30.44
1674196185.5335474,0.0,-38.0,-3.21,837.81,56.39,30.33
1674196246.9227087,0.0,-38.0,-3.22,837.81,56.58,30.31
1674196308.3107467,0.0,-38.0,-3.22,837.8,56.83,30.44
1674196369.6988285,0.0,-39.0,-3.21,837.79,56.48,30.28
1674196431.086809,0.0,-38.0,-3.21,837.78,56.3,30.33
1674196492.4748979,0.0,-38.0,-3.21,837.78,56.21,30.44
1674196553.858784,0.0,-38.0,-3.21,837.77,56.15,30.42
1674196615.2472243,0.0,-38.0,-3.22,837.76,56.03,30.68
1674196676.6350212,0.0,-37.0,-3.23,837.76,55.97,30.64
1674196738.023255,0.0,-37.0,-3.23,837.76,55.99,30.66
1674196799.4111626,0.0,-38.0,-3.24,837.76,56.31,30.59
1674196860.7993052,0.0,-38.0,-3.24,837.76,56.47,30.46
1674196922.187212,0.0,-38.0,-3.25,837.77,56.7,30.42
1674196983.5752578,0.0,-38.0,-3.25,837.76,56.93,30.37
1674197044.963305,0.0,-38.0,-3.25,837.76,57.01,30.24
1674197106.352739,0.0,-38.0,-3.25,837.76,57.42,30.09
1674197167.7407415,0.0,-37.0,-3.25,837.75,57.81,30.19
1674197229.1287036,0.0,-37.0,-3.25,837.75,58.08,29.79
1674197290.5169008,0.0,-37.0,-3.25,837.75,58.32,29.66
1674197351.904733,0.0,-37.0,-3.25,837.75,58.49,29.62
1674197413.2927692,0.0,-39.0,-3.25,837.75,58.74,29.47
1674197474.6807587,0.0,-37.0,-3.25,837.76,58.76,29.49
1674197536.0692546,0.0,-39.0,-3.25,837.76,58.76,29.16
1674197597.4572234,0.0,-38.0,-3.25,837.77,58.61,29.47
1674197658.846191,0.0,-38.0,-3.26,837.76,58.48,29.53
1674197720.2341464,0.0,-38.0,-3.27,837.76,58.54,29.41
1674197781.622221,0.0,-37.0,-3.27,837.76,58.7,29.58
1674197843.0102856,0.0,-38.0,-3.27,837.76,58.87,29.28
1674197904.3987079,0.0,-37.0,-3.27,837.77,59.05,29.37
1674197965.7866,0.0,-39.0,-3.27,837.77,59.09,29.24
1674198027.1747613,0.0,-37.0,-3.27,837.78,59.22,29.16
1674198088.5627306,0.0,-37.0,-3.27,837.79,59.33,29.08
1674198149.951822,0.0,-37.0,-3.27,837.8,59.37,29.02
1674198211.339492,0.0,-37.0,-3.27,837.8,59.4,29.04
1674198272.7277267,0.0,-37.0,-3.27,837.8,59.5,29.24
1674198334.1160905,0.0,-37.0,-3.27,837.81,59.59,28.96
1674198395.5037558,0.0,-37.0,-3.27,837.82,59.44,29.08
1674198456.8922486,0.0,-37.0,-3.27,837.83,59.46,28.96
1674198518.2799442,0.0,-37.0,-3.27,837.83,59.5,29.02
1674198579.6682925,0.0,-37.0,-3.27,837.83,59.52,28.94
1674198641.0572462,0.0,-37.0,-3.26,837.82,59.48,28.86
1674198702.4452136,0.0,-38.0,-3.26,837.81,59.5,28.94
1674198763.833382,0.0,-38.0,-3.26,837.81,59.51,28.94
1674198825.2213433,0.0,-38.0,-3.25,837.81,59.51,28.88
1674198886.6092837,0.0,-38.0,-3.25,837.8,59.49,28.9
1674198947.9977357,0.0,-38.0,-3.25,837.8,59.65,28.92
1674199009.3824391,0.0,-38.0,-3.25,837.79,59.73,28.84
1674199070.7707498,0.0,-38.0,-3.25,837.77,59.63,28.88
1674199132.1589746,0.0,-37.0,-3.25,837.78,59.33,29.06
1674199193.5467799,0.0,-37.0,-3.25,837.77,59.11,29.12
1674199254.9347415,0.0,-37.0,-3.26,837.76,59.11,29.31
1674199316.3188887,0.0,-38.0,-3.26,837.77,59.25,29.2
1674199377.7068057,0.0,-38.0,-3.27,837.77,59.41,29.18
1674199439.095203,0.0,-37.0,-3.28,837.76,59.58,29.26
1674199500.4840157,0.0,-39.0,-3.28,837.77,59.73,29.12
1674199561.8723872,0.0,-41.0,-3.28,837.75,59.85,29.06
1674199623.260206,0.0,-40.0,-3.28,837.74,59.97,29.02
1674199684.6482046,0.0,-39.0,-3.28,837.74,60.09,29.06
1674199746.0362408,0.0,-41.0,-3.28,837.73,60.18,29.0
1674199807.4253414,0.0,-38.0,-3.28,837.73,60.08,28.88
1674199868.813326,0.0,-39.0,-3.29,837.72,59.93,29.08
1674199930.2017286,0.0,-36.0,-3.31,837.72,59.84,29.16
1674199991.5898652,0.0,-37.0,-3.33,837.72,59.91,29.26
1674200052.9775314,0.0,-37.0,-3.35,837.73,60.02,29.02
1674200114.3668084,0.0,-37.0,-3.36,837.74,60.07,29.02
1674200175.7550228,0.0,-37.0,-3.38,837.75,60.16,28.98
1674200237.1391232,0.0,-38.0,-3.39,837.75,60.25,29.06
1674200298.5267842,0.0,-37.0,-3.4,837.76,60.29,29.24
1674200359.9152546,0.0,-37.0,-3.41,837.76,60.47,29.16
1674200421.3037977,0.0,-37.0,-3.42,837.76,60.77,28.92
1674200482.6920567,0.0,-37.0,-3.43,837.77,60.62,29.16
1674200544.0762396,0.0,-37.0,-3.44,837.76,60.48,29.24
1674200605.4645452,0.0,-37.0,-3.46,837.75,60.44,29.16
1674200666.853081,0.0,-37.0,-3.47,837.75,60.47,29.08
1674200728.2412632,0.0,-37.0,-3.49,837.76,60.4,29.08
1674200789.6297421,0.0,-37.0,-3.5,837.76,60.22,29.51
1674200851.0137758,0.0,-41.0,-3.52,837.76,60.38,29.28
1674200912.4028125,0.0,-37.0,-3.54,837.76,60.6,29.2
1674200973.7907484,0.0,-37.0,-3.55,837.77,60.81,29.26
1674201035.178971,0.0,-37.0,-3.56,837.78,61.02,29.47
1674201096.5667129,0.0,-38.0,-3.57,837.79,61.22,29.24
1674201157.9557369,0.0,-38.0,-3.57,837.81,61.35,29.04
1674201219.3442192,0.0,-37.0,-3.58,837.82,61.51,29.14
1674201280.7322676,0.0,-37.0,-3.58,837.83,61.62,28.86
1674201342.1212442,0.0,-37.0,-3.58,837.83,61.68,28.8
1674201403.5092301,0.0,-37.0,-3.57,837.83,61.75,28.76
1674201465.715785,0.0,-37.0,-3.57,837.82,61.77,28.68
1674201527.1032114,0.0,-37.0,-3.57,837.81,61.65,28.64
1674201588.4921696,0.0,-37.0,-3.58,837.8,61.76,28.68
1674201649.880223,0.0,-37.0,-3.58,837.79,61.9,28.86
1674201711.2687027,0.0,-37.0,-3.59,837.78,61.96,28.76
1674201772.6572552,0.0,-37.0,-3.59,837.78,62.12,28.54
1674201834.0457287,0.0,-37.0,-3.6,837.77,62.25,28.8
1674201895.4339445,0.0,-38.0,-3.61,837.76,61.92,28.92
1674201956.822756,0.0,-37.0,-3.62,837.74,61.71,29.08
1674202018.2107813,0.0,-37.0,-3.63,837.74,61.62,28.92
1674202079.5995462,0.0,-37.0,-3.65,837.74,61.61,29.12
1674202140.9882207,0.0,-37.0,-3.66,837.72,61.48,29.22
1674202202.3762467,0.0,-37.0,-3.68,837.72,61.46,29.26
1674202263.7653918,0.0,-37.0,-3.7,837.72,61.37,29.18
1674202325.1532874,0.0,-37.0,-3.72,837.72,61.36,29.35
1674202386.5422387,0.0,-37.0,-3.73,837.73,61.35,29.53
1674202447.9302516,0.0,-37.0,-3.74,837.73,61.32,29.41
1674202509.3192089,0.0,-37.0,-3.75,837.74,61.29,29.51
1674202570.7077165,0.0,-37.0,-3.77,837.75,61.16,29.81
1674202632.0962057,0.0,-37.0,-3.78,837.76,61.17,29.35
1674202693.4847121,0.0,-37.0,-3.8,837.77,61.29,29.51
1674202754.872808,0.0,-37.0,-3.81,837.78,61.4,29.49
1674202816.2617743,0.0,-37.0,-3.83,837.78,61.51,29.58
1674202877.6498053,0.0,-37.0,-3.84,837.79,61.46,29.64
1674202939.0389721,0.0,-37.0,-3.86,837.8,61.4,29.64
1674203000.4267986,0.0,-37.0,-3.87,837.8,61.41,29.64
1674203061.8161733,0.0,-37.0,-3.88,837.8,61.37,29.68
1674203123.2042522,0.0,-37.0,-3.89,837.81,61.52,29.74
1674203184.592993,0.0,-37.0,-3.9,837.82,61.67,29.89
1674203245.9822357,0.0,-37.0,-3.9,837.83,61.64,29.83
1674203307.3704853,0.0,-37.0,-3.9,837.84,61.78,29.85
1674203368.7593389,0.0,-37.0,-3.9,837.85,61.7,29.72
1674203430.1472445,0.0,-37.0,-3.89,837.88,61.64,29.81
1674203491.5362668,0.0,-37.0,-3.89,837.89,61.68,29.83
1674203552.9247234,0.0,-37.0,-3.89,837.91,61.7,29.83
1674203614.3134155,0.0,-37.0,-3.88,837.94,61.87,29.79
1674203675.7018116,0.0,-37.0,-3.87,837.97,61.95,29.7
1674203737.0908456,0.0,-37.0,-3.85,837.99,62.04,29.45
1674203798.4786754,0.0,-37.0,-3.84,838.01,62.09,29.6
1674203859.8666267,0.0,-37.0,-3.82,838.04,62.08,29.41
1674203921.255819,0.0,-37.0,-3.8,838.06,62.06,29.28
1674203982.6441581,0.0,-37.0,-3.78,838.08,62.04,29.2
1674204044.033304,0.0,-37.0,-3.76,838.1,62.01,29.39
1674204105.4212863,0.0,-37.0,-3.74,838.1,62.02,29.08
1674204166.8099246,0.0,-37.0,-3.72,838.1,61.88,29.37
1674204228.1982055,0.0,-37.0,-3.7,838.1,61.64,29.41
1674204289.586429,0.0,-37.0,-3.7,838.09,61.62,29.37
1674204350.975671,0.0,-37.0,-3.69,838.09,61.61,29.31
1674204412.359709,0.0,-37.0,-3.68,838.1,61.49,29.28
1674204473.7487519,0.0,-37.0,-3.68,838.1,61.46,29.39
1674204535.1367755,0.0,-37.0,-3.68,838.11,61.28,29.47
1674204596.5257547,0.0,-37.0,-3.68,838.12,61.23,29.43
1674204657.9138138,0.0,-37.0,-3.69,838.13,61.05,29.76
1674204719.302939,0.0,-37.0,-3.69,838.15,60.95,29.6
1674204780.691136,0.0,-37.0,-3.7,838.16,60.82,29.89
1674204842.0791404,0.0,-37.0,-3.71,838.17,60.84,29.68
1674204903.4682436,0.0,-37.0,-3.71,838.18,60.95,29.91
1674204964.855814,0.0,-37.0,-3.71,838.19,61.08,29.89
1674205026.2453468,0.0,-37.0,-3.71,838.2,61.21,29.66
1674205087.633298,0.0,-37.0,-3.71,838.21,61.32,29.64
1674205149.022342,0.0,-37.0,-3.71,838.21,61.56,29.7
1674205210.4102535,0.0,-37.0,-3.7,838.21,61.62,29.49
1674205271.7992423,0.0,-37.0,-3.71,838.21,61.6,29.45
1674205333.1836853,0.0,-37.0,-3.71,838.21,61.58,29.43
1674205394.5722456,0.0,-37.0,-3.72,838.21,61.58,29.37
1674205455.9607515,0.0,-37.0,-3.73,838.21,61.76,29.35
1674205517.3497846,0.0,-37.0,-3.74,838.21,61.82,29.45
1674205578.737877,0.0,-37.0,-3.75,838.22,61.86,29.68
1674205640.1267025,0.0,-37.0,-3.77,838.23,62.16,29.53
1674205701.5147405,0.0,-36.0,-3.78,838.23,62.43,29.43
1674205762.9038918,0.0,-37.0,-3.79,838.23,62.36,29.31
1674205824.2921333,0.0,-37.0,-3.8,838.24,62.32,29.45
1674205885.6812947,0.0,-36.0,-3.81,838.24,62.22,29.37
1674205947.0652246,0.0,-37.0,-3.83,838.25,62.03,29.66
1674206008.4543166,0.0,-37.0,-3.85,838.25,61.94,29.64
1674206070.2552273,0.0,-37.0,-3.86,838.26,61.82,29.74
1674206131.643216,0.0,-37.0,-3.88,838.27,61.78,29.7
1674206193.0322063,0.0,-37.0,-3.89,838.27,61.72,29.74
1674206254.420675,0.0,-37.0,-3.9,838.28,61.72,29.85
1674206315.8097203,0.0,-37.0,-3.91,838.29,61.83,29.81
1674206377.1987252,0.0,-37.0,-3.92,838.29,61.88,29.79
1674206438.58678,0.0,-37.0,-3.93,838.3,61.88,29.68
1674206499.9758224,0.0,-37.0,-3.93,838.31,61.89,29.85
1674206561.3639593,0.0,-37.0,-3.92,838.31,61.92,29.83
1674206622.7527258,0.0,-37.0,-3.92,838.32,62.06,29.76
1674206684.141606,0.0,-37.0,-3.91,838.33,62.21,29.66
1674206745.5297112,0.0,-37.0,-3.9,838.33,62.37,29.47
1674206806.9188251,0.0,-37.0,-3.88,838.33,62.46,29.47
1674206868.3072953,0.0,-37.0,-3.86,838.33,62.58,29.66
1674206929.696242,0.0,-37.0,-3.84,838.34,62.61,29.31
1674206991.0843205,0.0,-37.0,-3.83,838.35,62.68,29.24
1674207052.4732487,0.0,-37.0,-3.81,838.36,62.75,29.14
1674207113.8611975,0.0,-37.0,-3.79,838.36,62.76,29.12
1674207175.2502046,0.0,-37.0,-3.77,838.36,62.83,29.06
1674207236.638236,0.0,-37.0,-3.75,838.35,62.84,28.96
1674207298.0277233,0.0,-37.0,-3.73,838.36,62.84,29.0
1674207359.4157424,0.0,-37.0,-3.71,838.36,62.84,28.92
1674207420.8049881,0.0,-37.0,-3.69,838.37,62.86,28.84
1674207482.1927414,0.0,-37.0,-3.67,838.36,62.87,28.86
1674207606.2837434,0.0,-37.0,-3.63,838.37,62.85,28.92
1674207667.6720307,0.0,-37.0,-3.61,838.37,62.73,28.88
1674207729.061278,0.0,-37.0,-3.6,838.37,62.64,28.78
1674207790.4489014,0.0,-37.0,-3.58,838.38,62.59,28.8
1674207851.837417,0.0,-37.0,-3.57,838.38,62.47,28.84
1674207913.226401,0.0,-37.0,-3.56,838.39,62.44,28.78
1674207974.614531,0.0,-37.0,-3.55,838.39,62.45,29.02
1674208036.002204,0.0,-37.0,-3.54,838.39,62.44,28.94
1674208097.391255,0.0,-37.0,-3.53,838.39,62.41,28.72
1674208158.7797234,0.0,-37.0,-3.53,838.39,62.41,28.94
1674208220.1682353,0.0,-37.0,-3.52,838.38,62.39,28.94
1674208281.5567622,0.0,-37.0,-3.51,838.38,62.35,28.64
1674208342.9447937,0.0,-37.0,-3.49,838.4,62.46,28.68
1674208404.3327377,0.0,-37.0,-3.48,838.41,62.56,28.84
1674208465.72155,0.0,-37.0,-3.48,838.42,62.56,28.96
1674208527.1099687,0.0,-37.0,-3.47,838.43,62.56,28.96
1674208588.4987237,0.0,-37.0,-3.47,838.45,62.57,28.82
1674208649.88319,0.0,-37.0,-3.46,838.46,62.63,29.04
1674208711.2713025,0.0,-37.0,-3.46,838.47,62.73,28.74
1674208772.6600442,0.0,-37.0,-3.45,838.48,62.82,28.58
1674208834.0486705,0.0,-37.0,-3.45,838.48,62.82,28.84
1674208895.436501,0.0,-37.0,-3.44,838.47,62.83,28.8
1674208956.8253906,0.0,-37.0,-3.44,838.46,62.77,28.84
1674209018.2132432,0.0,-37.0,-3.44,838.46,62.7,28.7
1674209079.6016955,0.0,-37.0,-3.44,838.45,62.64,28.88
1674209140.9907734,0.0,-37.0,-3.46,838.45,62.44,29.04
1674209202.378752,0.0,-37.0,-3.48,838.45,62.29,28.76
1674209263.767606,0.0,-37.0,-3.51,838.45,62.27,28.86
1674209325.1559186,0.0,-37.0,-3.54,838.45,62.33,28.76
1674209386.544995,0.0,-37.0,-3.56,838.46,62.46,29.0
1674209447.9327428,0.0,-37.0,-3.58,838.46,62.61,28.94
1674209509.321905,0.0,-37.0,-3.6,838.46,62.65,28.96
1674209570.705988,0.0,-37.0,-3.62,838.47,62.6,29.24
1674209632.0952675,0.0,-37.0,-3.64,838.47,62.48,29.26
1674209693.4828937,0.0,-37.0,-3.65,838.47,62.41,29.14
1674209754.871979,0.0,-37.0,-3.66,838.48,62.41,29.14
1674209816.2602406,0.0,-37.0,-3.67,838.5,62.48,29.16
1674209877.648757,0.0,-37.0,-3.68,838.5,62.7,29.33
1674209939.0372844,0.0,-37.0,-3.69,838.51,62.71,29.35
1674210000.426301,0.0,-37.0,-3.69,838.52,62.89,29.37
1674210061.814269,0.0,-37.0,-3.69,838.53,62.95,29.22
1674210123.2033024,0.0,-37.0,-3.69,838.54,62.85,29.18
1674210184.5874486,0.0,-37.0,-3.7,838.54,62.56,29.31
1674210245.9762852,0.0,-37.0,-3.7,838.55,62.51,29.45
1674210307.3650014,0.0,-37.0,-3.7,838.55,62.47,29.47
1674210368.7537866,0.0,-37.0,-3.7,838.56,62.47,29.49
1674210430.1417418,0.0,-37.0,-3.7,838.56,62.57,29.45
1674210491.5303028,0.0,-37.0,-3.7,838.57,62.51,29.47
1674210552.9192402,0.0,-37.0,-3.7,838.57,62.48,29.49
1674210614.3072808,0.0,-37.0,-3.7,838.58,62.47,29.7
1674210675.6962435,0.0,-37.0,-3.7,838.59,62.54,29.45
1674210737.0849562,0.0,-37.0,-3.69,838.6,62.61,29.58
1674210798.469328,0.0,-37.0,-3.69,838.61,62.48,29.53
1674210859.8575027,0.0,-37.0,-3.68,838.62,62.34,29.47
1674210921.2462504,0.0,-37.0,-3.68,838.62,62.28,29.49
1674210982.63449,0.0,-37.0,-3.67,838.62,62.29,29.74
1674211044.0233722,0.0,-37.0,-3.66,838.62,62.34,29.53
1674211105.4117124,0.0,-37.0,-3.65,838.62,62.37,29.51
1674211166.8007388,0.0,-37.0,-3.64,838.62,62.39,29.62
1674211228.1887379,0.0,-37.0,-3.63,838.62,62.32,29.62
1674211289.5772257,0.0,-37.0,-3.62,838.61,62.28,29.37
1674211350.965827,0.0,-37.0,-3.61,838.61,62.25,29.41
1674211412.3538375,0.0,-37.0,-3.6,838.61,62.17,29.41
1674211473.7432764,0.0,-37.0,-3.59,838.61,61.73,29.7
1674211535.1308906,0.0,-36.0,-3.58,838.61,61.55,29.72
1674211596.5203404,0.0,-36.0,-3.57,838.61,61.55,29.72
1674211657.9083104,0.0,-36.0,-3.57,838.61,61.6,29.74
1674211719.29253,0.0,-36.0,-3.56,838.61,61.48,29.72
1674211780.6814828,0.0,-36.0,-3.57,838.61,61.57,29.64
1674211842.0692763,0.0,-36.0,-3.56,838.6,61.74,29.64
1674211903.4583344,0.0,-36.0,-3.56,838.58,61.84,29.62
1674211964.8464336,0.0,-36.0,-3.57,838.59,61.79,29.49
1674212026.2358336,0.0,-36.0,-3.57,838.57,61.18,29.74
1674212087.623862,0.0,-36.0,-3.58,838.56,60.58,29.62
1674212149.012901,0.0,-36.0,-3.6,838.54,60.14,29.96
1674212210.4011364,0.0,-36.0,-3.62,838.52,59.97,29.85
1674212271.7898493,0.0,-36.0,-3.64,838.5,60.14,29.89
1674212333.1813388,0.0,-36.0,-3.67,838.49,60.14,30.17
1674212394.578079,0.0,-36.0,-3.69,838.48,60.0,30.02
1674212455.9736607,0.0,-36.0,-3.72,838.47,59.44,29.98
1674212517.3699396,0.0,-36.0,-3.74,838.46,59.49,29.89
1674212578.7654352,0.0,-37.0,-3.76,838.45,59.48,29.93
1674212640.1619444,0.0,-36.0,-3.77,838.46,59.54,29.85
1674212701.5582995,0.0,-36.0,-3.78,838.47,59.43,29.87
1674212762.953765,0.0,-36.0,-3.78,838.48,59.48,30.02
1674212824.3507378,0.0,-36.0,-3.78,838.49,59.76,29.91
1674212885.7458303,0.0,-36.0,-3.77,838.5,59.9,30.02
1674212947.1426072,0.0,-36.0,-3.76,838.52,60.14,30.0
1674213008.538059,0.0,-36.0,-3.75,838.53,60.43,29.79
1674213069.934477,0.0,-36.0,-3.74,838.55,60.62,29.76
1674213131.3301547,0.0,-36.0,-3.72,838.56,60.72,29.76
1674213192.7264187,0.0,-36.0,-3.71,838.58,60.74,29.66
1674213254.1216798,0.0,-36.0,-3.7,838.6,60.52,29.68
1674213315.5186398,0.0,-36.0,-3.69,838.61,60.07,29.89
1674213376.9125404,0.0,-36.0,-3.69,838.63,59.68,29.91
1674213438.3063543,0.0,-36.0,-3.68,838.65,59.57,29.83
1674213499.700362,0.0,-36.0,-3.68,838.66,59.81,29.74
1674213561.0939732,0.0,-36.0,-3.68,838.68,59.96,29.68
1674213622.4878354,0.0,-36.0,-3.68,838.69,60.13,29.96
1674213683.8812368,0.0,-36.0,-3.68,838.71,60.34,29.66
1674213745.2755678,0.0,-36.0,-3.68,838.73,60.43,29.62
1674213806.6691523,0.0,-36.0,-3.69,838.75,60.48,29.68
1674213868.0635219,0.0,-36.0,-3.69,838.77,60.54,29.72
1674213929.4572105,0.0,-36.0,-3.7,838.8,60.54,29.72
1674213990.8512628,0.0,-36.0,-3.71,838.83,60.52,29.7
1674214052.245513,0.0,-36.0,-3.72,838.85,60.54,29.58
1674214113.638877,0.0,-36.0,-3.73,838.86,60.51,29.66
1674214175.0331779,0.0,-36.0,-3.74,838.87,60.47,29.74
1674214236.4268687,0.0,-36.0,-3.75,838.87,60.56,29.6
1674214297.821192,0.0,-36.0,-3.75,838.88,60.63,29.55
1674214359.2144804,0.0,-36.0,-3.76,838.9,60.64,29.62
1674214420.6073058,0.0,-36.0,-3.76,838.9,60.62,29.43
1674214481.9990306,0.0,-36.0,-3.76,838.91,60.71,29.87
1674214543.3917031,0.0,-36.0,-3.76,838.92,60.71,29.7
1674214604.783654,0.0,-36.0,-3.75,838.92,60.61,29.51
1674214666.1768675,0.0,-36.0,-3.75,838.92,60.5,29.7
1674214727.568733,0.0,-36.0,-3.74,838.92,60.49,29.58
1674214788.9615474,0.0,-36.0,-3.74,838.91,60.47,29.72
1674214850.3541389,0.0,-36.0,-3.73,838.9,60.07,29.89
1674214911.7462718,0.0,-36.0,-3.73,838.89,59.65,29.72
1674214973.1390064,0.0,-36.0,-3.72,838.86,59.38,30.09
1674215034.53105,0.0,-36.0,-3.72,838.85,58.96,30.02
1674215095.9237428,0.0,-36.0,-3.71,838.87,58.89,30.19
1674215157.315476,0.0,-36.0,-3.71,838.87,58.77,30.02
1674215218.7082174,0.0,-36.0,-3.71,838.89,58.84,30.22
1674215280.1006272,0.0,-36.0,-3.71,838.9,58.92,30.02
1674215341.4931364,0.0,-36.0,-3.7,838.91,59.14,30.17
1674215402.8846893,0.0,-36.0,-3.7,838.92,59.35,29.89
1674215464.2764068,0.0,-36.0,-3.69,838.92,59.48,30.0
1674215525.6671693,0.0,-36.0,-3.69,838.94,59.65,29.85
1674215587.0592,0.0,-36.0,-3.68,838.96,59.89,29.7
1674215648.4500837,0.0,-36.0,-3.67,838.96,60.15,29.87
1674215709.8415792,0.0,-36.0,-3.66,838.96,60.14,29.83
1674215771.232645,0.0,-36.0,-3.66,838.96,60.14,29.68
1674215832.6243677,0.0,-36.0,-3.65,838.98,60.14,29.6
1674215894.0149775,0.0,-36.0,-3.64,838.98,60.2,29.53
1674215955.4067085,0.0,-36.0,-3.63,838.99,60.29,29.6
1674216016.7974753,0.0,-36.0,-3.62,838.99,60.38,29.72
1674216078.1893559,0.0,-36.0,-3.61,838.99,60.45,29.53
1674216139.5803485,0.0,-36.0,-3.6,838.99,60.45,29.43
1674216200.9711363,0.0,-36.0,-3.59,838.99,60.41,29.47
1674216262.36281,0.0,-36.0,-3.58,838.99,60.38,29.7
1674216323.7535694,0.0,-36.0,-3.57,838.99,60.43,29.66
1674216385.1452532,0.0,-36.0,-3.56,838.99,60.44,29.49
1674216446.5354466,0.0,-36.0,-3.55,838.98,60.44,29.41
1674216507.9253745,0.0,-36.0,-3.54,838.98,60.49,29.55
1674216569.316839,0.0,-36.0,-3.54,838.98,60.49,29.74
1674216630.7067082,0.0,-36.0,-3.54,838.98,60.51,29.7
1674216692.097866,0.0,-36.0,-3.53,838.99,60.23,29.76
1674216754.1727931,0.0,-36.0,-3.53,838.99,59.8,29.76
1674216815.5626855,0.0,-36.0,-3.53,838.99,59.56,29.81
1674216876.9536033,0.0,-36.0,-3.54,838.99,59.68,29.83
1674216938.3437147,0.0,-36.0,-3.54,838.99,59.88,30.09
1674216999.733541,0.0,-36.0,-3.55,838.99,60.11,30.02
1674217061.1248705,0.0,-36.0,-3.56,838.99,60.11,30.33
1674217122.5154674,0.0,-36.0,-3.57,839.0,60.22,30.28
1674217183.9059057,0.0,-36.0,-3.58,839.0,60.42,30.02
1674217245.2967997,0.0,-36.0,-3.6,839.0,60.42,30.26
1674217306.6867847,0.0,-36.0,-3.61,839.01,60.51,30.0
1674217368.077766,0.0,-36.0,-3.62,839.02,60.63,30.22
1674217429.4675522,0.0,-36.0,-3.64,839.03,60.78,30.04
1674217490.8583798,0.0,-36.0,-3.64,839.03,60.87,30.0
1674217552.247815,0.0,-37.0,-3.65,839.04,60.87,30.07
1674217613.6379492,0.0,-36.0,-3.66,839.03,60.74,30.26
1674217675.0281231,0.0,-36.0,-3.67,839.03,60.73,30.31
1674217736.4180746,0.0,-36.0,-3.69,839.03,60.61,30.02
1674217797.8086665,0.0,-36.0,-3.7,839.04,60.59,30.02
1674217859.1981184,0.0,-36.0,-3.72,839.04,60.57,30.17
1674217920.5882478,0.0,-37.0,-3.74,839.04,60.6,30.19
1674217981.97859,0.0,-37.0,-3.76,839.04,60.59,30.24
1674218043.368083,0.0,-37.0,-3.77,839.05,60.56,30.04
1674218104.7589815,0.0,-36.0,-3.78,839.05,60.55,30.39
1674218166.1484573,0.0,-36.0,-3.79,839.05,60.6,30.35
1674218227.5387342,0.0,-36.0,-3.79,839.04,60.55,30.24
1674218288.9291697,0.0,-36.0,-3.8,839.05,60.28,30.59
1674218350.318641,0.0,-36.0,-3.81,839.06,60.01,30.64
1674218411.7088974,0.0,-36.0,-3.81,839.07,60.16,30.8
1674218473.0985723,0.0,-36.0,-3.82,839.09,60.31,30.71
1674218534.8406227,0.0,-36.0,-3.82,839.11,60.35,30.5
1674218596.2305632,0.0,-36.0,-3.83,839.12,60.44,30.39
1674218657.6201227,0.0,-36.0,-3.83,839.14,60.63,30.35
1674218719.0097861,0.0,-36.0,-3.83,839.15,60.77,30.62
1674218780.3997085,0.0,-36.0,-3.82,839.17,60.97,30.31
1674218841.7889333,0.0,-36.0,-3.82,839.18,61.14,30.07
1674218903.1749992,0.0,-37.0,-3.82,839.19,61.16,29.98
1674218964.5641198,0.0,-36.0,-3.81,839.2,61.23,30.35
1674219025.9541843,0.0,-37.0,-3.81,839.22,61.32,30.11
1674219087.3438208,0.0,-36.0,-3.81,839.22,61.41,30.09
1674219148.7330706,0.0,-36.0,-3.8,839.24,61.46,30.09
1674219210.1232257,0.0,-37.0,-3.8,839.25,61.53,30.28
1674219271.5122635,0.0,-36.0,-3.8,839.25,61.59,30.11
1674219332.9021838,0.0,-36.0,-3.8,839.26,61.53,30.15
1674219394.2922916,0.0,-37.0,-3.8,839.28,61.49,30.13
1674219455.6816232,0.0,-37.0,-3.81,839.29,61.56,30.17
1674219517.0712104,0.0,-36.0,-3.81,839.29,61.72,30.22
1674219578.4607127,0.0,-37.0,-3.81,839.3,61.9,30.17
1674219639.8498783,0.0,-37.0,-3.81,839.31,62.05,30.13
1674219701.239874,0.0,-37.0,-3.81,839.32,62.19,30.11
1674219762.6282551,0.0,-37.0,-3.81,839.33,62.3,30.07
1674219824.0181046,0.0,-37.0,-3.81,839.34,62.34,29.96
1674219885.40776,0.0,-37.0,-3.81,839.35,62.28,29.93
1674219946.7969487,0.0,-37.0,-3.81,839.35,62.11,30.0
1674220008.58939,0.0,-37.0,-3.81,839.37,62.01,30.07
1674220069.979084,0.0,-37.0,-3.81,839.38,61.95,30.09
1674220131.3680372,0.0,-37.0,-3.81,839.39,61.86,30.33
1674220192.7577367,0.0,-37.0,-3.82,839.4,61.72,30.44
1674220254.1464796,0.0,-36.0,-3.82,839.41,61.64,30.26
1674220315.5362196,0.0,-37.0,-3.81,839.41,61.6,30.24
1674220376.9260058,0.0,-37.0,-3.81,839.41,61.58,30.24
1674220438.3151877,0.0,-37.0,-3.81,839.42,61.64,30.13
1674220499.700852,0.0,-36.0,-3.81,839.42,61.82,30.22
1674220561.0905101,0.0,-37.0,-3.81,839.41,61.96,30.04
1674220622.479073,0.0,-36.0,-3.81,839.42,62.02,30.13
1674220683.8686798,0.0,-36.0,-3.81,839.44,61.96,30.31
1674220745.2578378,0.0,-37.0,-3.8,839.44,61.92,30.15
1674220806.646872,0.0,-37.0,-3.8,839.45,61.96,29.98
1674220868.0364158,0.0,-36.0,-3.8,839.46,61.98,30.28
1674220929.4253623,0.0,-36.0,-3.8,839.46,62.0,30.13
1674220990.8144193,0.0,-36.0,-3.8,839.47,62.0,30.09
1674221052.20392,0.0,-36.0,-3.81,839.48,61.97,30.13
1674221113.588358,0.0,-37.0,-3.81,839.49,61.9,30.11
1674221174.9783778,0.0,-37.0,-3.81,839.49,61.67,30.07
1674221236.366806,0.0,-37.0,-3.81,839.48,61.49,30.09
1674221297.7560453,0.0,-37.0,-3.82,839.49,61.42,30.22
1674221359.1454473,0.0,-37.0,-3.83,839.49,61.34,30.26
1674221420.534522,0.0,-37.0,-3.84,839.49,61.29,30.33
1674221481.9237907,0.0,-37.0,-3.85,839.49,60.28,30.24
1674221606.0169933,0.0,-36.0,-3.86,839.49,60.04,30.26
1674221667.4056113,0.0,-37.0,-3.86,839.49,60.1,30.22
1674221728.794896,0.0,-36.0,-3.87,839.49,59.67,30.33
1674221790.1843827,0.0,-36.0,-3.87,839.49,59.03,30.39
1674221851.5728104,0.0,-36.0,-3.87,839.49,58.53,30.68
1674221912.9621503,0.0,-37.0,-3.87,839.49,57.45,31.05
1674221974.3514867,0.0,-37.0,-3.87,839.49,56.62,31.26
1674222035.7399292,0.0,-37.0,-3.88,839.5,56.33,31.47
1674222097.1292565,0.0,-36.0,-3.89,839.51,55.96,31.98
1674222158.5186834,0.0,-36.0,-3.89,839.51,55.43,32.02
1674222219.9079845,0.0,-37.0,-3.9,839.53,55.36,32.35
1674222281.7068875,0.0,-36.0,-3.9,839.54,55.51,32.22
1674222343.0962446,0.0,-36.0,-3.91,839.55,55.8,32.3
1674222404.48521,0.0,-36.0,-3.91,839.56,56.07,32.32
1674222465.8740664,0.0,-36.0,-3.91,839.56,56.35,32.35
1674222527.263509,0.0,-36.0,-3.91,839.57,56.12,32.65
1674222588.6526716,0.0,-37.0,-3.91,839.58,55.77,32.83
1674222650.0409448,0.0,-37.0,-3.92,839.58,55.55,32.52
1674222711.4306257,0.0,-36.0,-3.92,839.58,56.1,32.4
1674222772.8199272,0.0,-36.0,-3.92,839.59,56.52,32.3
1674222834.208159,0.0,-36.0,-3.93,839.61,56.89,32.2
1674222895.5977645,0.0,-36.0,-3.93,839.62,57.1,32.32
1674222956.9868407,0.0,-36.0,-3.93,839.63,57.16,32.17
1674223018.376002,0.0,-36.0,-3.93,839.65,57.1,32.15
1674223079.7642398,0.0,-36.0,-3.93,839.67,57.36,32.02
1674223141.1535397,0.0,-36.0,-3.93,839.69,57.73,31.83
1674223202.5432417,0.0,-36.0,-3.93,839.7,58.22,31.45
1674223263.9325154,0.0,-36.0,-3.93,839.73,58.65,31.35
1674223325.3210099,0.0,-36.0,-3.92,839.73,58.95,31.28
1674223386.7101593,0.0,-36.0,-3.92,839.74,58.92,31.28
1674223448.0984154,0.0,-36.0,-3.92,839.75,58.79,31.26
1674223509.4835827,0.0,-36.0,-3.92,839.76,58.78,31.19
1674223570.8731718,0.0,-37.0,-3.92,839.77,59.0,31.16
1674223632.2625086,0.0,-37.0,-3.92,839.78,59.2,30.42
1674223693.650778,0.0,-36.0,-3.92,839.79,59.41,29.64
1674223755.0399222,0.0,-36.0,-3.92,839.8,59.5,29.68
1674223816.429044,0.0,-37.0,-3.91,839.8,59.58,29.58
1674223877.8172486,0.0,-37.0,-3.91,839.82,59.66,29.37
1674223939.2064106,0.0,-37.0,-3.91,839.83,59.86,29.22
1674224000.59578,0.0,-37.0,-3.91,839.84,60.08,29.12
1674224062.6183271,0.0,-37.0,-3.91,839.86,60.18,29.16
1674224124.0075061,0.0,-37.0,-3.91,839.88,60.23,29.14
1674224185.3958004,0.0,-37.0,-3.92,839.9,60.25,29.18
1674224246.7848434,0.0,-37.0,-3.92,839.91,60.35,29.2
1674224308.1740696,0.0,-37.0,-3.92,839.92,60.49,29.28
1674224369.5582352,0.0,-37.0,-3.92,839.92,60.53,29.31
1674224430.947513,0.0,-37.0,-3.92,839.93,60.51,29.31
1674224492.3366692,0.0,-37.0,-3.93,839.94,60.5,29.39
1674224553.7262537,0.0,-37.0,-3.93,839.94,60.47,29.35
1674224615.114393,0.0,-37.0,-3.93,839.94,60.38,29.68
1674224676.50352,0.0,-36.0,-3.93,839.94,60.3,29.66
1674224737.8927312,0.0,-37.0,-3.93,839.94,60.28,29.62
1674224799.2808855,0.0,-37.0,-3.93,839.95,60.26,29.74
1674224860.66993,0.0,-37.0,-3.93,839.96,60.27,29.45
1674224922.0593636,0.0,-37.0,-3.92,839.96,60.89,28.84
1674224983.4474251,0.0,-37.0,-3.91,839.96,61.14,28.16
1674225044.8368957,0.0,-37.0,-3.91,839.96,60.86,28.12
1674225106.22613,0.0,-37.0,-3.9,839.96,60.63,28.1
1674225167.6147902,0.0,-37.0,-3.89,839.97,60.29,28.43
1674225229.00361,0.0,-37.0,-3.88,839.97,59.32,28.96
1674225290.3924253,0.0,-37.0,-3.87,839.97,58.26,29.47
1674225351.7807739,0.0,-37.0,-3.87,839.97,57.62,30.13
1674225413.1702127,0.0,-37.0,-3.87,839.98,57.44,30.31
1674225474.5589814,0.0,-36.0,-3.88,839.99,57.06,30.57
1674225535.948556,0.0,-37.0,-3.89,840.0,56.59,30.71
1674225597.3367457,0.0,-37.0,-3.9,840.02,56.95,30.48
1674225658.7257993,0.0,-37.0,-3.91,840.03,57.21,30.59
1674225720.1147702,0.0,-37.0,-3.92,840.03,57.28,30.66
1674225781.5032804,0.0,-37.0,-3.93,840.05,57.26,30.8
1674225842.8920686,0.0,-37.0,-3.93,840.05,57.34,31.0
1674225904.2812119,0.0,-37.0,-3.94,840.07,57.64,29.87
1674225965.6702883,0.0,-37.0,-3.93,840.08,57.74,29.72
1674226027.0586987,0.0,-37.0,-3.93,840.08,57.68,29.72
1674226088.4477563,0.0,-36.0,-3.93,840.09,57.54,29.87
1674226149.8370922,0.0,-36.0,-3.92,840.1,57.38,29.93
1674226211.2251813,0.0,-37.0,-3.91,840.11,57.3,30.04
1674226272.6141963,0.0,-36.0,-3.9,840.12,57.33,30.11
1674226334.00387,0.0,-36.0,-3.88,840.14,57.35,30.19
1674226395.3916147,0.0,-37.0,-3.86,840.15,57.32,30.11
1674226456.7810194,0.0,-37.0,-3.84,840.16,57.2,30.28
1674226518.1700547,0.0,-37.0,-3.82,840.17,57.22,30.26
1674226579.5582626,0.0,-37.0,-3.81,840.19,57.38,30.42
1674226640.9471607,0.0,-37.0,-3.78,840.21,57.41,30.17
1674226702.3358772,0.0,-37.0,-3.76,840.23,57.41,30.17
1674226763.7244692,0.0,-37.0,-3.74,840.24,57.33,30.26
1674226825.1094615,0.0,-37.0,-3.72,840.27,57.3,30.42
1674226886.497672,0.0,-37.0,-3.7,840.3,57.41,30.39
1674226947.8871522,0.0,-37.0,-3.68,840.32,57.53,30.33
1674227009.2752047,0.0,-37.0,-3.65,840.34,57.59,30.19
1674227070.6639936,0.0,-37.0,-3.63,840.37,57.53,30.17
1674227132.0523229,0.0,-37.0,-3.6,840.38,57.5,30.24
1674227193.440899,0.0,-37.0,-3.58,840.4,57.47,30.13
1674227254.8299189,0.0,-37.0,-3.56,840.42,57.45,30.13
1674227316.2181034,0.0,-37.0,-3.53,840.45,57.51,29.96
1674227377.6071544,0.0,-36.0,-3.51,840.48,57.5,30.0
1674227438.9951875,0.0,-36.0,-3.48,840.49,57.44,29.89
1674227500.384112,0.0,-36.0,-3.46,840.51,57.38,29.74
1674227561.772486,0.0,-36.0,-3.44,840.53,57.34,29.91
1674227623.1613808,0.0,-36.0,-3.41,840.53,57.39,29.89
1674227684.5494447,0.0,-36.0,-3.38,840.54,57.49,29.98
1674227745.9382992,0.0,-37.0,-3.35,840.54,57.33,29.87
1674227807.3270578,0.0,-36.0,-3.32,840.53,56.77,30.0
1674227868.7151818,0.0,-36.0,-3.3,840.53,56.37,30.28
1674227930.1031888,0.0,-36.0,-3.27,840.53,55.78,30.31
1674227991.4913588,0.0,-36.0,-3.24,840.53,55.14,30.73
1674228052.880306,0.0,-36.0,-3.22,840.54,54.29,30.66
1674228114.2683835,0.0,-36.0,-3.19,840.55,53.57,30.75
1674228175.6565025,0.0,-36.0,-3.17,840.56,53.0,30.8
1674228237.0453568,0.0,-37.0,-3.14,840.56,52.49,30.93
1674228298.4340105,0.0,-36.0,-3.12,840.57,51.89,31.07
1674228359.8220198,0.0,-37.0,-3.09,840.57,51.68,30.89
1674228421.2099648,0.0,-37.0,-3.06,840.58,51.47,30.84
1674228482.5991373,0.0,-37.0,-3.02,840.59,51.04,30.89
1674228543.9872346,0.0,-37.0,-2.99,840.6,50.75,30.93
1674228605.3752344,0.0,-37.0,-2.96,840.6,50.33,30.91
1674228666.7632487,0.0,-37.0,-2.92,840.6,49.89,30.84
1674228728.151769,0.0,-37.0,-2.89,840.61,49.63,31.05
1674228789.5398238,0.0,-37.0,-2.87,840.61,49.6,30.86
1674228850.9284265,0.0,-37.0,-2.84,840.62,49.68,30.84
1674228912.316779,0.0,-37.0,-2.81,840.63,49.55,30.62
1674228973.7049172,0.0,-37.0,-2.78,840.62,49.54,30.66
1674229035.0930493,0.0,-37.0,-2.75,840.63,49.45,30.62
1674229096.4810624,0.0,-40.0,-2.72,840.63,49.27,30.68
1674229157.8691905,0.0,-37.0,-2.69,840.63,49.04,30.62
1674229219.257663,0.0,-37.0,-2.66,840.63,48.77,30.53
1674229280.6455727,0.0,-37.0,-2.62,840.64,48.6,30.46
1674229342.0336797,0.0,-36.0,-2.59,840.64,48.5,30.55
1674229403.4217596,0.0,-37.0,-2.56,840.65,48.53,30.53
1674229464.809734,0.0,-37.0,-2.53,840.66,48.43,30.98
1674229526.1967406,0.0,-37.0,-2.51,840.67,48.11,30.73
1674229587.584814,0.0,-37.0,-2.49,840.68,47.82,30.71
1674229648.972867,0.0,-39.0,-2.48,840.68,47.88,30.42
1674229710.3610008,0.0,-37.0,-2.47,840.68,48.01,30.28
1674229771.749398,0.0,-37.0,-2.47,840.68,47.97,30.42
1674229833.137584,0.0,-37.0,-2.46,840.69,48.15,30.33
1674229894.5254824,0.0,-36.0,-2.45,840.7,48.07,30.48
1674229955.9135213,0.0,-37.0,-2.44,840.71,47.95,30.13
1674230017.3014855,0.0,-37.0,-2.43,840.71,48.07,30.17
1674230078.688737,0.0,-37.0,-2.41,840.72,48.27,30.28
1674230140.076936,0.0,-36.0,-2.4,840.73,48.02,30.13
1674230201.4650576,0.0,-36.0,-2.38,840.73,47.8,29.98
1674230262.8528852,0.0,-36.0,-2.37,840.74,47.92,30.15
1674230324.2410703,0.0,-36.0,-2.35,840.75,48.1,30.19
1674230385.629218,0.0,-36.0,-2.33,840.75,48.18,30.15
1674230447.0161917,0.0,-35.0,-2.31,840.75,48.29,29.93
1674230508.40465,0.0,-36.0,-2.29,840.74,48.19,29.93
1674230569.7926807,0.0,-36.0,-2.27,840.74,48.35,29.62
1674230631.1807,0.0,-36.0,-2.25,840.75,48.5,28.27
1674230692.5686517,0.0,-36.0,-2.22,840.75,48.27,28.03
1674230753.9568439,0.0,-35.0,-2.19,840.77,47.8,28.29
1674230815.34381,0.0,-36.0,-2.16,840.77,47.56,27.8
1674230876.731889,0.0,-36.0,-2.14,840.76,47.23,28.31
1674230938.1188593,0.0,-36.0,-2.11,840.77,47.12,28.37
1674230999.5069118,0.0,-36.0,-2.09,840.79,47.13,28.78
1674231060.8950548,0.0,-37.0,-2.06,840.79,46.89,28.96
1674231122.2831202,0.0,-36.0,-2.04,840.78,46.84,29.0
1674231183.6703923,0.0,-36.0,-2.01,840.79,46.7,29.0
1674231245.0586283,0.0,-36.0,-1.99,840.79,46.81,29.1
1674231306.4464824,0.0,-36.0,-1.96,840.78,46.87,29.14
1674231367.833493,0.0,-36.0,-1.93,840.77,46.69,29.26
1674231429.2218106,0.0,-36.0,-1.9,840.78,46.63,29.1
1674231490.6095002,0.0,-36.0,-1.88,840.77,46.73,29.1
1674231551.9970262,0.0,-36.0,-1.86,840.78,46.74,29.16
1674231613.3850646,0.0,-36.0,-1.84,840.78,46.28,29.39
1674231674.7722764,0.0,-36.0,-1.82,840.78,46.02,29.62
1674231736.1593366,0.0,-36.0,-1.81,840.77,46.01,29.2
1674231797.5473096,0.0,-36.0,-1.8,840.77,46.1,29.41
1674231858.9342313,0.0,-36.0,-1.79,840.78,45.95,29.53
1674231920.3222244,0.0,-37.0,-1.78,840.78,46.11,29.53
1674231981.7093334,0.0,-36.0,-1.77,840.79,46.02,30.15
1674232043.0973592,0.0,-36.0,-1.76,840.79,46.03,29.87
1674232104.4858022,0.0,-36.0,-1.75,840.79,46.16,29.55
1674232165.8725452,0.0,-36.0,-1.74,840.8,46.03,29.96
1674232227.2602935,0.0,-39.0,-1.73,840.81,45.72,30.24
1674232288.6476257,0.0,-36.0,-1.72,840.82,45.76,29.98
1674232350.0351713,0.0,-36.0,-1.72,840.83,45.69,30.17
1674232411.4231884,0.0,-36.0,-1.72,840.84,45.72,30.46
1674232535.5112162,0.0,-36.0,-1.71,840.85,45.58,30.0
1674232596.8982818,0.0,-36.0,-1.7,840.86,45.7,29.62
1674232658.2863088,0.0,-37.0,-1.69,840.87,45.86,29.39
1674232719.6733341,0.0,-36.0,-1.66,840.87,46.13,29.18
1674232781.0614655,0.0,-36.0,-1.63,840.88,46.39,29.1
1674232842.4483294,0.0,-38.0,-1.6,840.89,46.38,28.94
1674232903.8353508,0.0,-36.0,-1.57,840.89,46.03,28.88
1674232965.223782,0.0,-36.0,-1.53,840.9,45.71,28.98
1674233026.6108956,0.0,-36.0,-1.5,840.91,45.63,29.02
1674233087.9977758,0.0,-36.0,-1.46,840.92,45.17,29.49
1674233149.3848312,0.0,-36.0,-1.43,840.92,44.02,30.28
1674233210.7733655,0.0,-36.0,-1.4,840.92,43.79,30.33
1674233272.1598756,0.0,-36.0,-1.38,840.93,43.94,30.04
1674233333.5468976,0.0,-37.0,-1.36,840.92,44.05,30.15
1674233394.9344118,0.0,-36.0,-1.34,840.91,44.23,30.11
1674233456.322333,0.0,-37.0,-1.32,840.92,43.9,30.07
1674233517.7095175,0.0,-36.0,-1.3,840.92,43.68,30.19
1674233579.0963337,0.0,-36.0,-1.29,840.92,43.52,30.35
1674233640.484556,0.0,-36.0,-1.28,840.92,43.66,30.42
1674233701.8718026,0.0,-36.0,-1.26,840.93,43.47,30.07
1674233763.2585654,0.0,-36.0,-1.25,840.93,43.63,29.93
1674233824.6465743,0.0,-36.0,-1.23,840.93,43.86,30.39
1674233886.033947,0.0,-36.0,-1.21,840.94,43.39,30.15
1674233947.4206557,0.0,-37.0,-1.19,840.95,43.11,30.28
1674234008.8078754,0.0,-37.0,-1.17,840.95,43.05,30.55
1674234070.194966,0.0,-37.0,-1.16,840.95,43.19,30.04
1674234131.5830703,0.0,-37.0,-1.14,840.97,43.69,29.85
1674234192.9699328,0.0,-37.0,-1.11,840.97,44.0,29.53
1674234254.3574579,0.0,-37.0,-1.08,840.97,43.76,29.22
1674234315.7444057,0.0,-37.0,-1.06,840.98,43.08,29.66
1674234377.1313775,0.0,-37.0,-1.03,840.97,42.77,30.02
1674234438.5184503,0.0,-36.0,-1.02,840.96,42.6,31.05
1674234499.9055204,0.0,-36.0,-1.01,840.96,42.07,31.45
1674234561.292907,0.0,-37.0,-1.01,840.94,41.86,31.66
1674234622.6803205,0.0,-36.0,-1.01,840.93,41.7,31.54
1674234684.0676155,0.0,-37.0,-1.01,840.93,41.68,31.73
1674234745.4549398,0.0,-37.0,-1.01,840.92,41.47,32.22
1674234806.8420117,0.0,-37.0,-1.02,840.9,41.61,32.15
1674234868.229553,0.0,-37.0,-1.02,840.89,41.81,31.95
1674234929.6169977,0.0,-37.0,-1.03,840.88,41.95,32.37
1674234990.9980552,0.0,-36.0,-1.03,840.87,41.74,32.42
1674235052.3850594,0.0,-37.0,-1.04,840.86,41.48,32.47
1674235113.7722814,0.0,-36.0,-1.04,840.84,41.57,32.2
1674235175.159534,0.0,-37.0,-1.04,840.84,41.64,31.61
1674235236.547531,0.0,-37.0,-1.04,840.83,41.86,31.9
1674235297.9345274,0.0,-37.0,-1.03,840.82,42.08,31.47
1674235359.3214903,0.0,-37.0,-1.01,840.81,42.63,30.96
1674235420.7085984,0.0,-37.0,-0.98,840.81,42.39,30.98
1674235482.0957732,0.0,-37.0,-0.96,840.81,42.26,31.19
1674235543.482479,0.0,-37.0,-0.93,840.79,42.16,30.96
1674235604.8660383,0.0,-37.0,-0.89,840.78,42.07,30.26
1674235666.2528298,0.0,-37.0,-0.85,840.77,42.01,30.39
1674235727.6396382,0.0,-40.0,-0.81,840.76,41.99,30.59
1674235789.0271516,0.0,-40.0,-0.77,840.75,41.91,30.71
1674235850.4140613,0.0,-39.0,-0.72,840.74,41.64,31.07
1674235911.8010445,0.0,-39.0,-0.69,840.73,41.34,30.96
1674235973.188105,0.0,-38.0,-0.66,840.72,40.78,32.02
1674236034.5751219,0.0,-38.0,-0.63,840.71,40.71,32.0
1674236158.6626403,0.0,-37.0,-0.6,840.69,40.77,31.66
1674236220.0496697,0.0,-38.0,-0.57,840.69,40.98,31.26
1674236281.4366121,0.0,-40.0,-0.55,840.67,41.02,31.61
1674236342.8237615,0.0,-39.0,-0.52,840.66,40.58,32.07
1674236404.2106702,0.0,-38.0,-0.5,840.65,40.51,31.76
1674236465.5973172,0.0,-37.0,-0.48,840.64,40.61,31.3
1674236526.9840193,0.0,-37.0,-0.46,840.62,40.66,31.42
1674236588.3711817,0.0,-37.0,-0.44,840.61,40.49,32.17
1674236649.7582338,0.0,-38.0,-0.42,840.59,40.35,32.73
1674236711.1451306,0.0,-36.0,-0.41,840.57,40.38,32.25
1674236772.5311608,0.0,-36.0,-0.4,840.56,40.57,31.57
1674236833.91813,0.0,-37.0,-0.38,840.55,40.96,30.5
1674236895.3052895,0.0,-36.0,-0.36,840.55,41.69,30.13
1674236956.691706,0.0,-36.0,-0.33,840.55,40.86,30.5
1674237018.078245,0.0,-36.0,-0.3,840.54,40.64,30.55
1674237079.4656699,0.0,-36.0,-0.27,840.54,40.92,30.42
1674237140.8517492,0.0,-36.0,-0.24,840.53,41.29,30.17
1674237202.2385564,0.0,-36.0,-0.2,840.53,41.38,29.66
1674237263.624861,0.0,-35.0,-0.16,840.52,40.83,29.85
1674237325.0117898,0.0,-35.0,-0.13,840.51,40.72,29.76
1674237386.3947935,0.0,-36.0,-0.1,840.49,41.02,29.24
1674237447.781178,0.0,-36.0,-0.06,840.47,41.44,28.94
1674237509.168255,0.0,-36.0,-0.02,840.46,41.62,29.16
1674237570.5542746,0.0,-36.0,0.01,840.45,40.8,30.39
1674237631.9412582,0.0,-36.0,0.04,840.43,39.99,30.48
1674237693.3272827,0.0,-36.0,0.06,840.43,39.53,30.91
1674237754.7143044,0.0,-36.0,0.07,840.42,39.28,31.47
1674237816.1003451,0.0,-37.0,0.08,840.41,39.35,32.02
1674237877.4874065,0.0,-36.0,0.08,840.4,39.4,31.49
1674237938.8742497,0.0,-36.0,0.08,840.39,39.85,30.91
1674238000.2603736,0.0,-37.0,0.09,840.38,40.11,30.93
1674238061.6477904,0.0,-36.0,0.1,840.37,40.43,30.09
1674238123.0348086,0.0,-36.0,0.11,840.35,40.97,29.41
1674238184.4208233,0.0,-36.0,0.14,840.34,41.01,29.16
1674238245.8080037,0.0,-36.0,0.17,840.32,40.85,28.96
1674238307.1938512,0.0,-36.0,0.2,840.3,40.65,28.98
1674238368.5808687,0.0,-36.0,0.24,840.28,40.72,28.62
1674238429.966875,0.0,-36.0,0.28,840.27,40.76,28.6
1674238491.353398,0.0,-36.0,0.32,840.24,40.49,28.88
1674238552.7403584,0.0,-36.0,0.37,840.22,40.35,28.01
1674238614.1270144,0.0,-36.0,0.42,840.19,40.41,28.22
1674238675.5124047,0.0,-36.0,0.47,840.18,40.35,28.35
1674238736.8994017,0.0,-36.0,0.51,840.17,40.1,28.2
1674238798.2856467,0.0,-36.0,0.56,840.16,39.87,27.95
1674238859.671394,0.0,-36.0,0.6,840.15,39.68,27.77
1674238921.0588562,0.0,-36.0,0.64,840.13,40.33,27.1
1674238982.4448757,0.0,-36.0,0.68,840.13,40.33,26.75
1674239043.8308969,0.0,-36.0,0.72,840.12,40.25,26.89
1674239105.2180445,0.0,-36.0,0.75,840.11,39.44,27.93
1674239166.6038964,0.0,-35.0,0.78,840.09,39.11,28.54
1674239227.9898133,0.0,-35.0,0.8,840.08,39.15,28.2
1674239289.3762448,0.0,-35.0,0.82,840.06,39.42,28.56
1674239350.7630072,0.0,-36.0,0.83,840.03,39.37,28.27
1674239412.1451385,0.0,-36.0,0.85,840.01,39.21,27.88
1674239473.53109,0.0,-36.0,0.87,840.0,39.23,28.03
1674239534.9183965,0.0,-36.0,0.89,839.98,39.22,28.03
1674239596.3044183,0.0,-36.0,0.91,839.96,39.15,27.91
1674239657.690457,0.0,-36.0,0.93,839.94,39.22,27.67
1674239719.0766122,0.0,-36.0,0.96,839.92,39.11,28.03
1674239780.4623728,0.0,-35.0,0.98,839.9,39.0,28.52
1674239841.849365,0.0,-35.0,1.0,839.87,38.88,28.52
1674239903.235915,0.0,-35.0,1.02,839.86,38.75,28.35
1674239964.621898,0.0,-35.0,1.04,839.83,38.83,28.24
1674240026.0076299,0.0,-36.0,1.06,839.81,38.83,28.1
1674240087.393956,0.0,-35.0,1.09,839.79,38.78,27.95
1674240148.780145,0.0,-36.0,1.12,839.77,38.73,27.67
1674240210.166539,0.0,-36.0,1.16,839.75,38.74,27.15
1674240271.5529292,0.0,-35.0,1.2,839.74,38.67,27.08
1674240332.9389532,0.0,-35.0,1.24,839.72,38.73,27.17
1674240394.3254235,0.0,-35.0,1.27,839.71,38.54,27.12
1674240455.7112823,0.0,-35.0,1.31,839.69,38.3,27.15
1674240517.097425,0.0,-36.0,1.34,839.68,38.35,27.45
1674240578.4834871,0.0,-34.0,1.36,839.66,38.21,27.36
1674240639.8697548,0.0,-35.0,1.39,839.65,38.19,27.53
1674240701.255553,0.0,-35.0,1.41,839.63,38.33,27.44
1674240763.1186283,0.0,-36.0,1.44,839.61,38.37,27.36
1674240824.5046306,0.0,-35.0,1.46,839.59,37.81,27.69
1674240885.8909452,0.0,-35.0,1.47,839.58,37.64,27.82
1674240947.2769542,0.0,-32.0,1.48,839.56,37.87,27.49
1674241008.6589,0.0,-34.0,1.49,839.54,38.14,27.2
1674241070.0449224,0.0,-35.0,1.51,839.53,38.3,27.33
1674241131.43124,0.0,-34.0,1.52,839.52,38.29,27.15
1674241192.8173807,0.0,-35.0,1.54,839.52,38.31,26.89
1674241254.2034292,0.0,-34.0,1.56,839.5,38.5,26.68
1674241315.5894737,0.0,-36.0,1.58,839.48,38.54,26.75
1674241376.975485,0.0,-35.0,1.6,839.46,38.58,27.2
1674241438.3614712,0.0,-33.0,1.61,839.44,38.21,27.66
1674241499.7473695,0.0,-37.0,1.62,839.42,38.07,27.88
1674241561.1333668,0.0,-35.0,1.63,839.41,37.92,27.99
1674241622.5193295,0.0,-36.0,1.63,839.39,37.89,28.08
1674241683.905374,0.0,-36.0,1.64,839.38,37.88,28.33
1674241745.291381,0.0,-36.0,1.64,839.38,37.62,28.35
1674241807.4267125,0.0,-36.0,1.64,839.37,37.4,28.84
1674241868.8126214,0.0,-36.0,1.64,839.36,36.73,29.31
1674241924.2894046,0.0,-24.0,5.46,839.38,49.86,28.56
